addr,entity,amount,is_online,is_eligible,is_cex
N2C374IRX7HEX2YEQWJBTRSVRHRUV4ZSF76S54WV4COTHRUNYRCI47R3WU,Upbit,692924673.611938,False,False,1.0
MTCEM5YJJSYGW2RCXYXGE4SXLSPUUEJKQAWG2GUX6CNN72KQ3XPJCM6NOI,Binance,543795982.526004,False,False,1.0
2ZHDNJEHQ7NIDKRML7IWSYJXGCN6WUURKT5LGTLF7I5ABFCM2KE4NL3XT4,Algorand Foundation Treasury,300000001.898355,False,False,0.0
6OZQ3ENWXS4JFMIUKMKHPTQPWJVSN6VGBMSBR2E3BY3S5CPF2JPLGUXAJQ,Algorand Foundation Treasury,300000000.847468,False,False,0.0
PCX64JROWO3II44O7764Z2PNDSJO46GNHUGS6K3372NSTDCVWABS7CRL4Y,,129513363.381894,False,False,
IVBHJFHZWPXRX2EA7AH7Y4UTTBO2AK73XI65OIXDEAEN7VO2IHWXKOKOVM,Kraken,122229378.985764,False,False,1.0
J63NZUR3S4LJC2RPBSOXGQ75DUVQEBTIFUWL2R7FCQES24HFLQAFB6WDAY,Coinbase,109661255.658166,False,False,1.0
5P4IEQSZBRAQHE4WQIIMYQGSVD4N6ZWM7TEJ3QXXMZIL4BR3MV6BFQYTUQ,Coinbase,109609622.951217,False,False,1.0
ZDEFFZZ4NAWFP525TOGNWICWOXKOF74DFMYCE6BMMZIZVX5NNPYKN4SRRA,Coinbase,104652929.135987,False,False,1.0
2R5FTTVDIAQ55I5SPW5BE6R2SVYY45O5W64XGIVBLHQYWMZARRXTO4VIHQ,,101833391.900373,False,False,
LLYQZEQUBVTB3HOD2GLWQ2CRQ457DA57EICFV5O6I7CF6UC66SYHLEJQQ4,BitThumb,101218261.888674,False,False,1.0
LYKPESAJWNRAV7XADUHBKLADBK47HWKIM4W3K7ICKXXEURMP2AJLYLFDF4,Coinbase,100880249.974259,False,False,1.0
UPBR75UVEX4UVBKLLXDEVF5OI6SN426G7IEEZFM2QYMXQHPHTX5FZUT2MA,,92952203.289236,False,False,
EO35Y2JBCZCFEI44Z2FOBH45QPSZ3PFK4HREHKX54N4HGSIQWLBNEPZMYQ,,82094097.91937,False,False,
5EHOMUZGUALFLKWXSMWHW5MAEVNREQNU7W43KSAE2K4F6FLSX36ZTBICUI,,82060529.838696,False,False,
5GW5VO4JNTHXVH2DYV7HAKBKGQFSCAI4MBUD5EN3FLBGLF4KKRXJE24ASI,ByBit,77667875.859187,False,False,1.0
OEXAVV5G6JCPP5YORI7VOVIIIV5MGSYLXAXA7WVKPOGHRVP5YBTTX6M6FE,,76685385.980628,False,False,
VGBITAJ24HWXCTO64HOKXDPRBTZG63M246TCMGNLKVJNOLM77ZBK3XHCCQ,,74184491.342982,False,False,
UKZM663BYLUTDYHF725KCWEOQM4YZ2BN3LCTE5LT4W3TC2H6DAUUMNZNJA,Bitvavo,73950898.998455,False,False,1.0
WZY5ZGJ57YOVJ2TCMFXIH6TNLDC2FI2UJSWGG4XN5RK4XVQX4MMOIZD2AU,Coinbase,72613587.354003,False,False,1.0
XMVGCC27ZCGWKOQYZDE5WESGYS4V7CRTQVIAZETJNNV7U3QTHJ6CUZ62PQ,,71848298.481979,False,False,
BX7UST4VVWQQPPAVPMPFW76QRKXRLQ3UVYABWBTHOAX2AN5Q5OGW2X55AQ,,64795474.625963,False,False,
KQ6FVR6PTHMV7QV47LBSR3LVM3EWSNHJPTWQ7GUEFLI2NGKC3RAULQ27K4,Coinbase,63967582.112551,False,False,1.0
DLRY7TLD3KXB4G6IAIW5KGUZEVIDBS2OZ3LR7RFSJD2KEUDKWFXEBPK3HU,Coinbase,63800404.926975,False,False,1.0
WD5EDLJCLRWFIBEUCT43J6QM3LGVNSYXUSMWGUKKUMJBZ65IKQWIAV2LIY,Coinbase,62953111.819577,False,False,1.0
ROVA2AHXIEUFK63ULPXQJOMAGDRG2C4EZMGD63QHMGJTMTBLHTG5RPZUTM,Algorand Foundation Treasury,61517577.284858,False,False,0.0
UPMCPJCCN6JIKFOIZ7JEKRHMWPTFTDJM7L7GBIJINAWJBBURPXCACRL6MI,,61001994.374382,False,False,
U5P6Q4YYAEZPRUJZNKGOIICBO7CYZVD5EDRMGE35G2D35IULQYWGWN3GCU,,60834191.926688,True,True,
KQASEQS4EMTXPFBDARF2NDJVDJ2R5TQLKZF25RYIUY5YCHPK7FKA2PG7U4,,60610421.424557,True,True,
FFLRE4VZK35KAU65VLBRMR4KZVHE4S2TEXJJ6K4POZJZXUND3V2V6DVJNU,Coinbase,58678167.340878,False,False,1.0
HMKN4BCGCDUFWIPOIKDBUTC6RXFKOKOB6TWO25ETRHTKJFTJZPD6Y3BOLQ,UpHold,57586795.621474,False,False,1.0
2ZPNLKXWCOUJ2ONYWZEIWOUYRXL36VCIBGJ4ZJ2AAGET5SIRTHKSNFDJJ4,Folks Finance,56474743.80929,False,False,0.0
KHGLFYRM52BT6R5CSREB7BNUOSR3FUEHCWLIXKWM44SD2RZMSXDPZS77U4,,55763068.903409,False,False,
3SORALOCWWTHAAGEZIOB5MIV2G3KAWUN2LQI4ZBWPLEDZANPIVTHFHDGZ4,,55345929.191099,False,False,
V6F7XZUE6G4ODLE47CY32PLDLEC6LELBE7JWQX6RMBJBPFMZ5UOM3WXMWM,,53346633.300958,False,False,
LSAH7NBFXSUP2RSNS4UDA6KA3THYIS5CAWVE7IG4N45FAEGQOXYCXSL4TI,CoinSpot,50836367.411053,False,False,1.0
A3MYPLCU5ZVXDJEAXAVV2SAUWJ4INWGPYOKM3FWOGUASOJ7V2L6DTC5YN4,Coinbase,49918716.642197,False,False,1.0
5EYP2467BNWUIE773T57P3VZ5RRMWUFCPSYOOUHVFP4AY5HSZ7MKECKTKI,Coinbase,49846161.208902,False,False,1.0
R7ALVPEQRGECJK33LANXMPENWYALTAZQTSGNCTEQPKBSBDI5KO252SAK64,Coinbase,49553697.814032,False,False,1.0
P73D4BTS5B55FBV5Q4K2JZNTJOOMACZY4TFYKLCHPCOGLUPGDBXDBVSS7E,Coinbase,49534257.811913,False,False,1.0
ILZP3VLXPZOMULC5XMR5UUL5LMBGXX6TT6IURYFZ7Q6KX54INCUISZH2JQ,,49450303.216906,False,False,
HRLD25IMT2Q4UPYOEUZIWHDI3ELCUIC5NLNC75O2NE7OLDJK7GZXDIK5QQ,Algorand Foundation Treasury,44000000.000272,False,False,0.0
L5BLJ4FNK6FNM7V5NUVT5QI6NQAERLLHYT24XH6RS2DUC4WDHPM5LOLGBY,Algorand Foundation Treasury,43999999.996729,True,False,0.0
62UUOSMOMD6XOSRROCIIMVVF2VX6N4CMVLCUFUVWV4Q4T4BHD7ETFNWMOI,Algorand Foundation Treasury,43999999.994129,False,False,0.0
LHVWNRKGGOTSSDYK4P4WKXTHZI5SAFKUO5ALAW7NJ6G76RG4UXLBCWN5LQ,Algorand Foundation Treasury,43999999.993729,True,False,0.0
GJGK42UVZK4IDKN5MGP53A6FJEHRI52PI4E3BBJZRZCQZ666BKYILYXI2E,Algorand Foundation Treasury,43999999.993591,True,False,0.0
A66JRYUOU523Z4MU53AJL3YAEHESH3KMVV7OJI4SMFRVIDNNVDK2LHSL4Y,Algorand Foundation Treasury,43999999.993034,False,False,0.0
MKZIWVBDBZV7UK6XQY3DFLYSBLSJWCDHDJWK3JAHWCFMNJOH4ZXQSMOUCE,Algorand Foundation Treasury,43999999.991699,True,False,0.0
IHYR5OZGAIRSCDCNQJVFOPAOJT2SPG3YXAE3GGJPZRI6JV2GQSJAYG5NUY,Algorand Foundation Treasury,43999999.987955,False,False,0.0
EU6CHYSH7ZXLJQAPPIN6W3KS7VAURYZCB5P3ZCXMYCWNJF6V5RTVL2UPHU,Algorand Foundation Treasury,43700000.193162,True,False,0.0
TBN2J7U3J5D4I7R2EK7XIBFNTEGVLHNORAXQ6YBJY5IVNY5IIKOXSJRYCE,Algorand Foundation Treasury,43649999.996546,True,False,0.0
ASHPGJPHCZMSVBBUVFOVTSIYFKCR26STPOVPU4GWACKTZT35ZQYBSE775U,Coinbase,43479528.884157,False,False,1.0
4H5UNRBJ2Q6JENAXQ6HNTGKLKINP4J4VTQBEPK5F3I6RDICMZBPGNH6KD4,Algorand Foundation Treasury,42999999.997203,True,False,0.0
7GPQ36Y43EF77SDEMPMGCFIWBT3CRP3U6VMT7SK42X42ZUOXVS7TD3KXAA,,42660116.878871,False,False,
NRDDQ7MFRTUTMDAP4CBXDQ2IVP5VSLKDASADLLANYLFIKR7NQOGOUINYM4,Algorand Foundation Treasury,42349999.99683,True,False,0.0
VEJGTLTKNT3VGLG2GVB2LMXC55WYW6J6WPZ76XTY2Y46TRJQOORWERYXYE,Algorand Foundation Treasury,41999999.995842,True,False,0.0
6ILY5SVFOVZSE7AXNYQZFX6FQTGMJB75ZW5EWCIBCSILQUX42C6BBUWHTI,,41525283.59044,False,False,
XBYLS2E6YI6XXL5BWCAMOA4GTWHXWENZMX5UHXMRNWWUQ7BXCY5WC5TEPA,Algorand Foundation Treasury,41400000.003916,True,False,0.0
OTW6HXVSWXDRBV2F7RK5YHYBERVYUYQ4KSVRW5K4ECBONAJBSFHHDSP764,,40734771.265488,False,False,
SXNDBVZXTLF6JJVER3VZV5XMGV6SGDNANHATZZIKHWVF5RV2JVPQ7NB56E,,40734771.265336,False,False,
KK6UJVR57FULTMBR6NQTWJR5D4U7WY6HZYR2O272NDZMZERPS42TQQNZBI,,40008007.09488,False,False,
QYXDGS2XJJT7QNR6EJ2YHNZFONU6ROFM6BKTBNVT63ZXQ5OC6IYSPNDJ4U,Binance,37661331.717598,False,False,1.0
QWKLUAQ37BGQS4G6GTGIWPMIIOS4HHUELF5ZXWP2YNTELCTHJXUMTLVDMA,Crypto.com,33528585.783005,False,False,1.0
JHCVUBWAJHEMNPBZDNYVXK6DNRFUJWNLWXDDLLBOLIL3KFCQAOI3XVMWOA,Algorand Technologies: 287,33308911.669626,True,True,0.0
PZ7TILKNWVGJTAWF7YSBYDHT44SN6NQJXHI55ODGJXGXHGB64BH6MBDGFY,Algorand Technologies: 288,33274634.890619,True,True,0.0
EG6JXQ3TQBWRSTR3OEDUS5RTPLMA4KTMJIV3N6DO7XN2XRKIFEN64DY3BU,Algorand Foundation Treasury,33259999.989677,True,False,0.0
UTFJWM5YP6TSR66YHRYBNDZLCYTTSMLDBKKFTEE723HT7GJBGNCWD6UDC4,,32490460.23561,False,False,
SJYNEQ36GVJBQ3YRZTVQGMFQDHRZKK3SGXF224WKNP7S3NAU563RNPUMWA,,32389044.624531,False,False,
WDWBXGJIXO3N6A7AZ25XU4UX5Q3FJJ5CCKFCUEUWE75ZF5I6H47X37EY6M,Algorand Foundation Treasury,32050280.920132,True,False,0.0
DEK6IBQKSX5JPKUSIDCLRUEXTAJLSEM5EFZWXDDYYVPKBH3JOS4NPT477U,Algorand Technologies: 289,31147107.445655,True,True,0.0
O4WKNVA25QYYMN3NW534CWE65PPIMU56TNB5ZJIKGOQHBXEFU6QACUJWOQ,,30692845.167124,False,False,
P2W7L5OERZ53KV4LJOCV3HR75ZPA6BDLHCAL27IQSIE2WDFGRFEGL524VA,,30692845.166672,False,False,
A6B5AKODYAMHTQ7B4PJAMOLDLZFMAB4QOXJJP6I3FC7YIPOPD6PL7ZYRCA,,30409370.260673,False,False,
PRNU5BPKXY5G322XPP7D7R7NH7MFFUUO44522T3P5OT64DB56JJ5ZQJ4LA,,30390934.95998,False,False,
I63NBAY2FYICKXSF7XFJRUV3CQDB756EDQ245D47Z34LTEFP7JYXS56QTM,,30221484.609608,False,False,
FRWQZO4A6NZKANEYYWAHZIBHJ46T2LVRFACCLHUY3JQAJLUIWNQQLOQ26A,Algorand Burn,29525119.542542,False,False,0.0
ALMEZURUOG7R2QKPZIPNQAFANRQEZU4J22ZJYW6HARU4IZCZGEHNTZMO6U,,28967355.327325,False,False,
Y5IHKEQSYPCI3XMPB2JFSKHQL64CLKMRXZA3TQVUKNDJVCGW6EY5WI7L7E,,28620223.062707,False,False,
C2QRHHR3K7KSLNQV4BJCD6UVM5OJSSXTV2YQR6DOYVL3X7ZGC2BBZRFKEE,,28045857.001764,False,False,
W425PRGCPQFAKWSN7D2QKGKBHUWEVV4Z5PWLKUTIGYULGEU5ZDXOAKETC4,,26224713.257438,True,False,
EYNLSXSZFXDQBBJ7AQX35SVU6YSMINGLFZTOUOK7EYZIWG7AICHFVW5QPI,,25338277.104495,True,True,
3YIIMZRD4UVBXWQKCROQW5KRWGS6KPK6F6C2B6GYGANPMBLGJ5HYOQVP4E,,25338276.916494,True,True,
F4M4ECEE6RIZB2QDM6CM46MMK5KD2F3FTVANKXZMH5TDBIEXAG2FOAK3II,,25338276.908495,True,True,
H4PFJ2T5FSYKIQYJ6YZG5XE7B4X2TKHUDZRBDJXNEHCUMAGTKYLW5Y6XHQ,,25338267.096495,True,True,
VVU2LEKHHCF2PACOOIMSH6WY6AM5XMFWZRGWVHR65CILVVS6F4PHNIH35Y,,25338267.096495,True,True,
4TPMQLUIBMQ6ILR4FSBEWJACEOYJVYZ7PWL333KL47DHVT6TJHH55E5WWE,,25338267.096495,True,True,
7IISQ474IZKGPO66HGBWUBHAJR4FLYLR52NNMPVN6NA2YQOGYDKJNK36RU,,25316199.139183,True,True,
7USALIOQHU2BUCTYP3ZZMUO634H6OWPERHZQQO6FVC7P5CYDWRXEW5VWZU,,25313503.785183,True,True,
H7CDKBNTC4OVBFZXFYG5CEZJXA4VDRJGHT26MXOJVBGPI7MMO7VSE4RZHA,,25312094.760475,True,True,
32ITT53SHUL5UFMS6AGYGWXX2YIDD5UAV7ZRWVOTJPDFSVDCFH5XTFGTOQ,BitPanda,25152656.837034,False,False,1.0
OFB2SMWDDB3V4RYRSC6EXJYB2RYFVPWGYYEGAOLK52TN72G2DELKVENV44,,24669054.73644,True,False,
2JGGWKOIKYZB4HLG2X5DWHD5EWCUOQR7DC6VOEMWELIVNVVAF3BEUWJR7Y,Algorand Foundation Treasury,23999999.995703,False,False,0.0
O4N25TS4Z5SC34VZ6R6RU74PCEIUTJFSDSKETNDYU4CXI3C2BFYXCYEKAU,Algorand Foundation Treasury,23999999.991612,False,False,0.0
YCPZ6INCKVD24CUIJYHWU2JZRPXEX3UXV37I6XHG4WEN7ZZ7LAKY6XLPPA,,23941973.702287,False,False,
XW2IJ66DNIFH4NTP3LSMT4XUYK3RQESJBTY255O74POKLYB2CTJGVLSNNI,,23654244.780523,False,False,
E2225CLUCSWGT22TZO4SIZXNYT2GMQAZCI7Q5LCCB6HTDZFRPUTT2TJHMI,,23572300.479361,False,False,
T6MXHXMGXURKJ7AD5NCB4IYPLWXYXKKFLLO5KAPJ56GKS7BFXHNHOODZCM,,23307890.633955,False,False,
42BFW4KZXGUKYAIWJRY6JSP42EI2STN36CJ3YVEBOMQJTXKZ3BVQAPOF7E,Binance,22351389.656321,False,False,1.0
5WCIZNGQQT747WX3RTQIBJHOMJTQRUQBBH3PMK4YLP2X33AICJEUTL6F2E,Algorand Foundation Treasury,22020000.242262,False,False,0.0
R3T4HFV3QXOHCZHRSQDJATCI2E7KHFA4BAWG5C6CGS3MGFNUFSI5FAYEN4,Algorand Technologies: 290,21378928.665787,False,False,0.0
MV73PL6DUWYJ5X2BMY26CDXXCUYSUUONATRF53M3MY7JAVW4ZOGNKYMKAY,,21360810.265149,False,False,
MUXBRV3XJCYFJ63YE7HYGKS2DV6CCTEJD5VOIJNEMNU4G5Z7PX6MLNGZD4,,20627492.068432,False,False,
3FMAGBC7MEKTRPQ545YPEX665Y23XZX2O2M2DDB4G2B2RMCVDVK2GIQOYI,,20513516.004681,False,False,
5PBRG5UQEJSTS7UACFBLFKIJYTLYKOJZXJQIGZFBQANKMU54FOIFYNQO54,,20251322.219613,True,True,
3YQ6JSUPUEI55JTJSBBKIOZBB6QFYYDM2OZYHFZ6EU5TF2VQIN27N5HX3Q,,19719668.948584,False,False,
BVMEUTF37WNEQ6GYCZISRFHGLEMOKT5OCPPTTJXVED6JBSXKF6YJJRZRI4,Gate.io,19046941.775568,False,False,1.0
EMXK2BTCC6S2XS6PPFGIB6N7QGATLJPFA2BKY46JCGWZYIH43WDVAIMGQY,,17395006.492184,True,True,
EP2YRTCL3SAA7HYG7KKWUC6ZH36SLYIKOX4FORKXZLUUQASP5JDJP4UU5A,,17154277.171266,True,True,
PWE6I2NRNQKP73A6Q5MYUYEW43F6YSK2ZOHQ6XOVNOIWA6B4D64ZFSD7QY,,16869396.109005,False,False,
3XQ3RJXTG2VDOV45ZKYIGEVXP2VF2HDZJX6I3NUCIJHXGHYEDA74LRSQ5U,,16593115.653635,False,False,
T22CWPWN45NFINJY4AABCU7MPOXSPN6RC63M5MNXEYURWLO5J6RZODE4RM,,16479055.533784,False,False,
G5J6M6SLXJIG3AYFJH2RGIFRVIEATBXKJWGXDVC2DQ7BQAJTHHNJHB5LQY,,16479055.533758,False,False,
2QW4MAGTGHOWVKZOKKNVG5LPKIZQNKD2NZ6GQI3STK7CDWB2S7XCBOI5RI,,15866067.562817,False,False,
BK55GKDK4YNJNOZ7DRICQTSJHS4AG6BZDJQWPVPHTDVKAWRFMABXYAWIX4,,15746687.450657,False,False,
D6CCE7DL3GSVOCQDPWMNR5V7JEKGXOJACCU4A4K76DLJHZ4H47WRVBPUNY,,15655527.829353,True,True,
PN37QBQTJVXCW4MM73OCM7M52PTYDV3ZYTW7QRA32OHTMEQVMQVKI74T2E,,15553327.442088,False,False,
KIUSXL6T5Q4GOCYIT6OAMDL4JW53YNZHJTBOEO5L7PYTI6DPZR6VNGUIJY,,15305818.779061,False,False,
UPVAJGLG3UMZZWPNPHSZXTFXYJLFFKDXUHPAXDSLEJ4IA5HI66ALSJFDHU,,15305818.778809,False,False,
YX5KZSZT27L7WZAW7TNONVDZHQQAURJKT4BPRS364KTH2DGMEKLLFOPK3U,,15286747.446553,True,False,
M7NWQF2I7ISEXGH25BVQLIMUIAQCVEG5Q7QW2ZHWQ3J5L7VYZIPJLNHCUE,,15215004.013529,False,False,
QWEL4RJCJOHTF2Q2W6UQFR2ROPZPKF252UYR2RIV5O2RPMTE3WBTQ3FGIM,,14652526.124331,False,False,
4XMYSESRPRVOFT4EB5XXHHQSEQBTUA2XNIKWUOI32EWPL5N5RUUNWE4IJ4,BTC Markets,14581978.12209,False,False,1.0
ZEJPIFQF5MSDOB3YA6OUG4S26FFX64SCTHKDMYCCB26JGG7DC4IPBWQSLQ,,14438097.093472,False,False,
5622JWBD3TDOJUTGFIB3H3TI4JE5ARW7W3WQL6JIJQ5ATFQISRSBVKOD6U,,14310505.786567,False,False,
LCXGPFLA6PHFNMBTENQFGLHP4X2Z7SRZEGRXURTOJ2LWLNUUG4KX4EYTMY,,14015104.125785,False,False,
DBS4UJG6JIMSBS7NR5UU6DPALVAVU3NBI6JC4SNOBZSHOGCYDSQVW2WQKI,,14003957.031032,False,False,
TUIFRQ3G6UUTS6UZ4SMLQT3KHNCQD5LCCWVNPMELNA5KOC7ZD3FNDHP5K4,,14003957.031032,False,False,
DTT5HQWVIAN6APAJSEBZ5QWR6Z5KXYQYXZRRQAMTOD3OVX63UNYCQ2LN6Q,,14003957.031032,False,False,
ASDNGCOKPWDF3IFVNGVYTRC4EBU4RGFBIX4PVFMBVUM3T4WIKID5GABY3Y,Bitvavo,13866859.031952,False,False,1.0
XTTRFLZYQU4M447PWB423DIHP2EKW5GT7BYTBDXFZRDIGON6FARR2LAZUE,,13810482.454454,False,False,
VRMYO3NMIQSYZZPLMIL4RRC6GTKGPGTE5N52LJ3VNUNHE64BPFZJUYGBBM,,13574850.532949,False,False,
5FBQMKEJ5BAEZVRLRIZPTUJEIDZJCBL55OKKG62TQDRV5FR2CQGH2XYMHU,,13471882.550273,False,False,
NTQJNIGTE3BCD2QRLHXFI4WRXOQQVSHJ5NDUW6MSD55BM4TAI4E5CCUW3E,,12793808.377298,False,False,
I55RNI6U5IBCYLHIYXN2ZGHQ3AZDOPU5B27DFNHWUX5CGJVVRUOIYQSG3E,,12584082.342937,True,True,
UCAUO4KMSDYVFBVYCAK4ME3FJBCH3HN5KUYPZXXNZOU6CT2SUUM75UAKPI,,12426969.931553,False,False,
VN6EIKG7SWCM4FBQMLOPER5XZBBOEYEF7OFUXT7RLI2TLGNLZVHF5WCIK4,,12213304.302125,False,False,
ALISHAN5VGS42YTKI5KRXHY6JNWPL2SGCDBVQJ74T5Q3NCXXXOR74OTPFU,,12190161.490733,True,True,
NK4LJRLUFKMSRJW4IWUMHXMNBSUZWNIX7GDTJ5R2IOJORCJGNPPTSCE2WU,,12159321.696971,False,False,
2PIFZW53RHCSFSYMCFUBW4XOCXOMB7XOYQSQ6KGT3KVGJTL4HM6COZRNMM,,12158872.248076,False,False,
WW5MEAVIVE3X4N6ZED4CEXUKAAEBACMS2HSGG7GIOXKHWCWKCAGAWDSGL4,,12021657.425594,False,False,
7ZUHI3E5Z7V5XJTQISK76KXG4O7KJY66VD7LFIX2EZ5Z5VOVZBONZDAVWM,,12021657.424716,False,False,
M3B6LT7IWT6CQ7NZEWSCEMWX2IWY3RC5EMZISW2V6WBWQ3IFK3EVOWJSCE,,12021657.42356,False,False,
5I7NE6QCQYZUUKKMZ2HLB2AWO7NDUXNKVFACAF46NEP3TA6ZHAYOHIEVMU,,12021657.420436,False,False,
N54XK33DDRBO6QDTARBQKLPZBOOD2NI5XACP7K73FB4S34ILJ3EFG5X5Q4,,11933821.329318,False,False,
25XTZ2EZQQT4UKJ3KR6BAOYAEBCEP43SHZ3NFUGCXYNLBI5JLBFSF7ULCM,,11810662.93763,False,False,
6I6RUCQIEFDMBTFLPSLSYHHPPBTUB3BHQQUMYT7LPGN627TMLRLR234VBE,,11757481.585323,False,False,
OYUTVRMJRAVXKYXS542BNWYRQE2IZJJKPROL6JHLBKEAXYURKQ5KARXH6U,Bitvavo,11713228.944244,False,False,1.0
LLDPRZJUNWC75TS4GUGH5WFDD4GFMFKLAMLCGO4SX5WDMIKCQPCZ6ESERM,Algorand Foundation Treasury,11165210.909425,False,False,0.0
6YGOGW2637RF4I5ZRHXCU5OVMNNFK6CSVQHINA2CUSOHKNWXDOSR2HTJFI,,10607463.492452,False,False,
4SOZXGYC5MGZ4S24LX3MHOLYVBZNOHNUN5MP4E5TLX6TXP22BZ6KNN4UQI,Algorand Technologies: 291,10237687.368269,False,False,0.0
QB5E4AHTVZKE3SBBKYWMQ6OEONXLMOJUPEZ2LZNSAEUBUU3CZSSSTWBHCE,,10105451.539192,True,True,
B23XLXSA3MBU3SLP5EF2HE7JRR2UMFNKZBIDRWQPGLGCNDNCABWHMDXPMQ,,9915563.784573,True,False,
PCMFLIVWPDO6IOEZRWY74DY5WWLVTFOCALRZMBYJJGBIG7SUJVSCHE7C5E,,9913435.373646,False,False,
P5IFX3UBXZJPDSLPT4TB4RYACD2XJ74XSNKCF7KMW3P7ZGN4RRE3C2T5WM,Paribu,9857854.13654,False,False,1.0
W2UJN6OSBIKS6KZSUWAEEUTVIFE6Z7WWQU2EX5NGXQL6HFJCTWQG57DKZM,,9836121.379791,False,False,
2JBQSMWAZANNM5U2P2DPCBVJ7VYLRT7LA2AOP7JGUF4HIBV6XBA3TBGXGA,,9727296.552005,True,False,
Y76M3MSY6DKBRHBL7C3NNDXGS5IIMQVQVUAB6MP4XEMMGVF2QWNPL226CA,Fee Sink,9716172.712488,False,False,0.0
YA73DAAA6VH4ODDNXUPBCHKRGRXHZWJIMBI4Z3HE65AHDBP3LV3ZUI7OOM,,9710443.36222,False,False,
SMB3PNHPITECC5LURJN425G6MAZVPZQ6PEXJWVM3PZTYPEPZ772GLYBOIU,,9535409.184242,False,False,
IABN2WOU25THQBVCUGVPE7AMSNYM2HF6XSJQIW5DIMHAELBEQAM3PSVXOM,,9500722.004932,False,False,
2LHXZM32MSVZ5W3OMB34CDQDQERF6NY357AQRPTK4I7ZWKDFNRRW76NIZM,,9411574.917497,False,False,
OYJ55HSWCKCACV7NZTJ36D3VYSNMDDH5ZCSIHVCYUJWAFXWCE7KK2EEZNM,,9296017.061016,False,False,
UXVAPU4KERSMNUILDVZUKKF4KMWQ7RFSSYPXYSEGSYNYILC4FEHISKRBNM,Coinbase,9160743.939878,False,False,1.0
LKPRKQB7MRDGBTF6AQ2RNVGUC6R7HSVS4X7BONIXHY42GUXDVG7SCQD4TI,,9015423.391996,True,True,
JQTMUMGTJCHZKOVFN6KKQLZPVFZ236LUKA7G3BPGUO47BBEFKMSN2QGKDM,,9014540.943779,True,True,
SGMQQBHNMKRDIZ5YY3ST3X55OFGGKI7S7PALMZUV2UC6PVEFKYPN5MZRIY,,8998533.521914,False,False,
WYZKTNGG4BPCNLQE3QUI5S3JOVZTB4RZ5KJ67R5PBORUCOB7UE4MEZFJVM,,8540762.641125,True,True,
G3MB25R2F7MJULO7G4YEVHXBABKOSKTQRK33367GQM5BTPLR5WEZGGZFCY,,8333151.28559,False,False,
DGNVBFFEEZPLY3F7QSVAA5VZI2NH4NIEM43SJ2PDDJDQ5TOR5QMRX5EYRQ,,8241125.466021,False,False,
PQKSMB4X2W6N5VJR6ZTGR55SC6KJQZE3MUNEQU6IRA5YSZO2E33NJUTBSA,,8101538.516354,False,False,
45JN3TRGHRCS4WYDGTKCYMMYN6Z2LXGMGNEFEJ5CM7BRCE5EK2FR27K4IA,,7660105.00921,False,False,
HK35AIVEVALFNHVF7ZDWOW4QZX5BWD7GO4RV7VMXYFXULAIYBTCS5NZ3G4,Bitso,7656445.954062,False,False,1.0
XXPBS3LPV5YZQNCRFK3NVEY26JUXN6PYHTXS3N7LN3K4VSL7DCMX7CZOGI,,7435546.135784,False,False,
R3FLOJBSSYD5L3XO6GPITKGX52E6W2ANMX5VJ73NOPAY5K3RWWKOYZXNOY,,7315000.472759,False,False,
SZV4ONQA5UPIIB6NLCV5EBGY5T2ZE3JDOZAN57XSPNQWUTQAMZ756N4KLI,,7198125.846204,False,False,
NJPFJ62OTHXQZQRW5EINQN2EADERDQ667FYSHADYD2AFECHVN3P5BZZECU,,6987454.00203,False,False,
PWL2IMIIIESYRXXBCT6EB5PWLYCCIGQD3WSHVNIT6LX7NQQIJ2XITR523E,,6874599.153767,True,True,
S3VCJJRAJRXAKJMSTFNXXQ4BT5FX7OBXFDUNYBTLCY32LF5W3WQWO7J6JQ,,6843513.981869,True,True,
OD7BWA6X37IS4V7QQO3UUHZCMFOTXE6ESR2JHOLSYO2LIIBODL3CXN2EGQ,,6774753.429324,True,True,
PT4IKE2S4ZVVEE25NCYRXG2OAWTISMXWBOPCFSC5LVAJAWB457KGKUGXB4,,6619437.921145,False,False,
VE6LZSCWDM546JBIVXSJCFPMDG5M4SOJMOEYXXAR6DXCOOJO5S46QN7OC4,,6558091.646818,False,False,
ZZ3G7SC7CS2S2F33WBRAUO7BSWCXQNSEFAVRN7Z47Y7U62M6ZYBVI6A5ZY,,6493728.47684,False,False,
RQRBY7LJP7LU7BH6PO4MXIIVLPDLKS6KTL2OBSRAWLTJLCLHNKVUPHW5RI,,6284207.287953,False,False,
LTUNE7X476AVORT6EKCRSGWHPK6EQMZMOWDIYLHZTIPZHOS6Z2VCWICW5Q,,6284207.287953,False,False,
OUP7GG3L5CNPWSEI6G6BQUG4RYDPTRNEYMDSGDMVLM5I6IRO5L4UAMAW6E,,6284207.287953,False,False,
VYVYE3BMF75PH4Q3YJ5AKPLC3O6I2ECFLRUOFICNAHVBEJHAAQK3RECB7A,,6284207.287953,False,False,
Z5FNBEQ5TBDQIC3HGLSKLRMSC4DBLZNO6D4ERRN2OOCJT2E62WRJGQGG54,,6200310.009967,False,False,
DTROXQN5MZS6UPBYCWBM556FUOXNQEVQDIWRUJCXPGCCNZ3XQNASSK44JU,,6157772.95372,False,False,
JDQ7EW3VY2ZHK4DKUHMNP35XLFPRJBND6M7SZ7W5RCFDNYAA47OC5IS62I,Bitfinex,6118565.58029,False,False,1.0
RW4MDFJNXCKVLS7BE24XDRHBEURJGV33K4BPFLBEMLUI2PDA46PQUMSPWE,,6114993.597842,False,False,
SQRHJWRMTBBYGVL4CEBAWYK3BP3YGI2S6F765SBTIUNKY4S5J6WPHHUTWM,,5947800.282849,False,False,
FKXE2JSTNTYCZ7LSWPLD3VAHKIZG63ESZY32NXJNSCJFQU4JQDF5SDFWRA,,5747549.515798,False,False,
WRGZ2OKNY45KAT2RSCSPKLLOOG4GSSMD7PX4YY7DPMRQMIK2YRBPP6CUMA,Nobitex,5574792.694167,False,False,1.0
HIAP6GLZL5VZ2S73FQZHX3KHZGZQCNUZJCGPMK4Q6KISMB6UA3EKKYU3CQ,Revolut,5479322.791484,False,False,1.0
E7RLFLNVLVWE5N62WNL7PPQNME2ZFEBQ2KQYHXKKIR3O4VGM7H5B6TRJ34,,5453760.710781,True,True,
PPMEMZYJXXA4Q4HU2A2S2N5DGHTV4UUQR5HDT4D6PGZNMXOUDLDBIPBHDI,,5452801.865241,False,False,
G2MWCP36TQZUHXBFSRGI2M2KRXH57V2O7CCAIWUQLP7WNJKNSLP3JURPNY,,5434124.508836,False,False,
AQTA3Y5FNLWFTBT5RIO5E6YB4XPIVZCMRBLXUVXGOPDUP66OCEQSQHZLUU,,5278220.920648,False,False,
RDQXES54CJYZOOXGXHBUAFXZE2KAXU42XPGGG4W6QUZCMG42KBTKLNNSII,,5128922.071327,True,True,
YA3ANAIGQ2P7IR4BJCEMQUNH4HQ57JMVDPSBG5VBF5TDS2RQBSZTJL7Y3Y,,5074545.418416,False,False,
