addr,app_id,label,is_cex,entity_name,tags
66PUYUGONQIA4XVPKKMRITCTIB4ZEJWL525WANTWG254B5WDQH2IQLPY4E,,(!) Malicious Account (!) 3,0,(!) Malicious Account (!) 3,Malicious
EX3X3YXIBUMLRSVFRJEHTB5LOKHZPRNPPHG7B2DCXKKQP4A6HJ5W6OQLEA,,123Carbon,0,123Carbon,ECO
HMUMHUEHG4E6NYH5QPJWVNKV7CRF3DDAJEEZF5U53QKGW4HBC5HTMFFAYA,,123Carbon,0,123Carbon,ECO
R3MPVSN4RSU2WPJI4XTUODU5AOC2PSMVC2OSGYKOKR3YPF2LPAOC55OTEA,,123Carbon,0,123Carbon,ECO
IIXNYKEQWCCUM6EGEDDWVNGGCSDBDNLCJTV7GZS32SDFDRI55QLJI6P4KY,,123Carbon,0,123Carbon,
CQ7ADLBX4H6SXYPFG2N4MIAZYTN3GOIGYJO62WLEZPN4XICXOBPEA3ETYY,,2.718.algo,0,2.718.algo,
DE5X2ST7PCJUE5XKNP3IA3TYA5WIDSQHHZ3SBUE6SFEZOKI25ME6JQDI5A,,888eight.algo,0,888eight.algo,
CIRL6FOG3JRFX7VSII5H7XDIVAOO6HDM3TVKNWF4FQZSUWQBRNNAOZ6QFU,,AABBG,0,AABBG,Gold
3O7LC75BSZYL75MHDYYCR6XV7TCJEMA5ZKHKYVEHDTBHV7FVTZ3KAOFJME,,AABBG,0,AABBG,Gold
O7JB4B3QXBBD3GCA4EIRNEUX6ZSQUDA3TMKPD2QT6QSST67IYLSE7FAIBM,,AABBG,0,AABBG,Gold
VQN6LGZ76YJFRHTI6YVKUETTKBAUUH2L4DCXDMAWEU66E5IO3HRBI5WM7E,806492075,ADHDclub.algo,0,ADHDclub,DeFi
3UU6BZDEODSMU7MMIK7O5QNMLIHRPUE6U7P4QOOI6LWH6DBIHS4YICGWXI,,aes.algo,0,aes.algo,
PUTIC5LJFLCQTZWLG52KS5BX2QHWCKJB7JE5544T5NVB46OCDMSOMCAKVQ,,AEX,1,AEX,CEX
IWO3AEVEGU3XWQBBDYV4BEGJU2VIXN6RQ3GKJVNVKM7BQ6IK5BBSUUNBBQ,771945161,Agrotoken,0,Agrotoken,
VMMAGZW3S333RFRMBL4MSHWAPQJIF2WXULBVR7U3EV2TG3BHQX4Z55QTY4,,alexanderthegreat.algo,0,alexanderthegreat.algo,
FAUC7F2DF3UGQFX2QIR5FI5PFKPF6BPVIOSN2X47IKRLO6AMEVA6FFOGUQ,,Algo Faucet,0,Algo Faucet,
YYR2YPPIB26MTWIHVAXK2OBI6SVZ6URKMIICMVZGFTPOFR4FNLWCHRJP44,1049015861,Algo Troops,0,Algo Troops,DeFi
XH6N62VBXRFVB67QLQMG53LKGTTNFTPA4R6JVNFJJEVCWGXS2PMBQYRZRY,962381193,ALGO-BANK Lending Pool Interface Contract,0,Algofi,DeFi
EIJWKMQ6AANY2FH5EZB2BXGOIOWI2ZIT5SUH2FPD5ZTIQYMNCWSBCTLLXM,,algo1.algo,0,algo1.algo,
7TLE4ZRAF43YKL6FUEUQJHJDLKB3C4I6WJT4JLUE4G3XX6PF4HCHUXGOYE,354073718,AlgoDex,0,AlgoDex,DEX
AHASMW2PWEKZ4Q4IPLK37L67PIQSGVNP5EIZPBZLL6PAUOTITKNJ7NJPAA,354073834,AlgoDex,0,AlgoDex,DEX
ZE5LTT3HX2CPA2H4ORQDETPBMYIRD2S4XUKT5JRBLUHJG6EDMP6HCATOVE,661247364,Algofi  NanoSwap - USDC-USDT (Manager contract),0,Algofi,DeFi
B4JTRV4PGUPFJJW4K3JP5SBQNHN2UJQ4GRSWY4VY7HRWRV7XPZULILB6RA,705663269,Algofi -  Stability Module (Manager contract),0,Algofi,DeFi
ZDLU6XXKVOIRJLXY6TLU5BAHLF6GM4MWFEDFJ6LYPES2HTNVGSKHKVU3VU,705657303,Algofi -  Stability Module (Market contract),0,Algofi,DeFi
TY5N6G67JWHSMWFFFZ252FXWKLRO5UZLBEJ4LGV7TPR5PVSKPLDWH3YRXU,465814065,Algofi - ALGO (Market contract),0,Algofi,DeFi
DHXB5GQTMKJ6L2MFB5VGZ5LWD6GVJ6WJMJAQXWK75SEFZFO5YYCGCBSTZA,641500474,Algofi - DEFLY (Manager contract),0,Algofi,DeFi
HNZCZYTROWA5Q7EOBGLVYRS5QR22W26OCCO2BVHGBHCRIUGG2ZSCZLRZNM,641499935,Algofi - DEFLY (Market contract),0,Algofi,DeFi
YYR3COETEUCCV4ZIWXMIVDDE7JY7T77VIWVNWKQECIKZOWCIKVRO674G7U,605753404,Algofi - DEX (Manager contract),0,Algofi,DeFi
W5UCMHDSTGKWBOV6YVLDVPJGPE4L4ISTU6TGXC7WRF63Y7GOVFOBUNJB5Q,465814149,Algofi - goBTC (Market contract),0,Algofi,DeFi
KATD43XBJJIDXB3U5UCPIFUDU3CZ3YQNVWA5PDDMZVGKSR4E3QWPJX67CY,465814222,Algofi - goETH (Market contract),0,Algofi,DeFi
GZM7SZWYR3QPRZ3L2B2PXUMV57DZ2XUAG6G3YV2ENLDWYXIOGUBJNFYQYA,900653388,AlgoFi - Governance Admin App,0,AlgoFi,DeFi
2SGUKZCOBEVGN3HPKSXPS6DTCXZ7LSP6G3BQF6KVUIUREBBY2QTGSON7WQ,465818260,Algofi - Lending Protocol (Manager contract),0,Algofi,DeFi
BGTIGJPGYEGZZHLB7U6XFDYWEXBRJ6NAGR4GNVDFBSMTKCAUB43XBDLPUI,674527132,Algofi - OPUL (Manager contract),0,Algofi,DeFi
Q5UIL7OEKOJEHLACM5QFZYURYNXQ46SSEDTH4KQRTZFY63XBIKXMD6F3NQ,674526408,Algofi - OPUL (Market contract),0,Algofi,DeFi
J35OOJVMWPM2AQ63BATO4MBZVKV2ZQ6WQMHWU5MNWJC2HQHNZDZZLWOKQY,900653632,AlgoFi - Proposal Factory App,0,AlgoFi,DeFi
DTAOBSYXOC7MCAYFWFRCSX4WHACSCNARBBALY5MYOXBDOWQ43JNTLCH6K4,900652834,AlgoFi - Rewards Manager App,0,AlgoFi,DeFi
PFM3A2ZKNZBBK6OKJCP32EU2PCCZGHU4XZPVPTA5ASXUK5EM2YO4FUENPQ,482625868,Algofi - STBL (Manager contract),0,Algofi,DeFi
OPY7XNB5LVMECF3PHJGQV2U33LZPM5FBUXA3JJPHANAG5B7GEYUPZJVYRE,465814278,Algofi - STBL (Market contract),0,Algofi,DeFi
DYLJJES76YQCOUK6D4RALIPJ76U5QT7L6A2KP6QTOH63OBLFKLTER2J6IA,482608867,Algofi - STBL (Market contract),0,Algofi,DeFi
SKH3QKDUT2BWIZD7WODZMQCR4IKAUVW2NR67UZNSXFH7MXOGASOB3IFCNE,611804624,Algofi - STBL-ALGO (Manager contract),0,Algofi,DeFi
5VJBR6QI27YEFNMPITUDSOWRM54GZGH3D2OU6HIZFMTWWAIOKDQ7NF72D4,611801333,Algofi - STBL-ALGO (Market contract),0,Algofi,DeFi
MIOKVGPKOHVZM2KRPDFRNDXYVVA5FZ3TIM5OR2QDTQ5UFB2ICWYY44VCCQ,639747739,Algofi - STBL-DEFLY (Manager contract),0,Algofi,DeFi
2ZAELECBKOA3XULWXVFVL52EVILWQOWBWHQLO3KATEJEXWZHX3KJ5L46G4,639747119,Algofi - STBL-DEFLY (Market contract),0,Algofi,DeFi
NU6F4TIRFAZYMFJAGX3T7DXPCSLPRXVSITT4UF57OIEM4BKECDBG3TNN2Q,635863793,Algofi - STBL-GOBTC (Manager contract),0,Algofi,DeFi
KKZHMTU22UO43EAG7SJGUGDKZNI65CVNRROF3NZ35S23SUZWGODESAOF4Y,635860537,Algofi - STBL-GOBTC (Market contract),0,Algofi,DeFi
R4OR4QIGTMUCIJNQA4PV7SUAEBQUPDHXA7TJGTECVUBIF2M4WAF6S7JGTA,635866213,Algofi - STBL-GOETH (Manager contract),0,Algofi,DeFi
6LIQSNKB3WH226AXLLZU7OL6WXTY7S62N66OYHLVGGBENDUDU3ATKIGDAQ,635864509,Algofi - STBL-GOETH (Market contract),0,Algofi,DeFi
ZJ2NAMBLJJABX2J42JUO2Z66ZQHO4FPTL42OUSEXKBTSRDD3MVO6MR6GWI,637795072,Algofi - STBL-OPUL (Manager contract),0,Algofi,DeFi
SX5YC2N2D657HCEZDQQPVMYB3PAHLFSFWXDQJS5GAGK4PYE3UD3TZTRWXA,637793356,Algofi - STBL-OPUL (Market contract),0,Algofi,DeFi
PR7HILT7NENYR7SBMGOXDNZLRV5LCED4IUSHQ7N3DNAUKUH3G3BNRXTZTM,611869320,Algofi - STBL-USDC (Manager contract),0,Algofi,DeFi
WVCIYSN25IQYEOZUI3AM4DWHNEYFCPRYWEZD34SEYPSJ4VSMB5S5WPCLKQ,611867642,Algofi - STBL-USDC (Market contract),0,Algofi,DeFi
PQT7UC2IXUECGVVW2ZSP3JUU23TQCECI2ULLPZ4VRXVQZWAXFPR66NDJ4A,635813909,Algofi - STBL-XET (Manager contract),0,Algofi,DeFi
OPGEPS7ZW6PIH4JU3WHIYCMME5N4NTOCOZKXOCWYBLURGSLEIQE5ZSBX6Q,635812850,Algofi - STBL-XET (Market contract),0,Algofi,DeFi
JE64YADSGF7XF6DMXH5SEBWUNGVPSTSS6XQDY6LR5ITG3MBGNGFAX4LKBM,647785804,Algofi - STBL-ZONE (Manager contract),0,Algofi,DeFi
FEQ6DDIY745ZNCSQ5SZUWGRLFIINT2HIVN6KLNSLQNRMG2SDWICJBYIMWY,647785158,Algofi - STBL-ZONE (Market contract),0,Algofi,DeFi
4SNLE5W7UOTDJZG6RNEVB35R7FU2O2RQSHKZYDFZ3BLRHKOG3T3GRF5SYE,553869413,Algofi - Tinyman STBL-USDC (Manager contract),0,Algofi,DeFi
WICHUQ6FWYQPP777TEEZCO5C3B3MI55H7CORDTEYFWW3NZTJH24USUT6PU,553866305,Algofi - Tinyman STBL-USDC (Market contract),0,Algofi,DeFi
ABQHZLNGGPWWZVA5SOQO3HBEECVJSE3OHYLKACOTC7TC4BS52ZHREPF7QY,465814103,Algofi - USDC (Market contract),0,Algofi,DeFi
DAUL5I34T4C4U5OMXS7YBPJIERQ2NH3O7XPZCIJEGKP4NO3LK4UWDCHAG4,465814318,Algofi - Vault (Market contract),0,Algofi,DeFi
Y7WO5IVHUYU6J7OA2EOLRXNYVOE2IUXJCARUCOWIOJ5BMCIL6VZ63CX4WU,900653165,AlgoFi - Voting Escrow App,0,AlgoFi,DeFi
5YHFAQHZTQIYBVYPC3QMEPMZN6WUCJL3TIFVXHSROQM55S2EJEQILOD2ZA,962407544,Algofi DEX ALGO-BANK Lending Pool Staking,0,Algofi,DeFi
NGIHJMECRSFHIEQDHBVTLR54K7DOZWM5M6UM3A5CIOYSP6H3QTGSHHGJCQ,605929989,Algofi DEX ALGO-USDC Pool,0,Algofi,DeFi
UO47CTCILYLSKVMDCBGDVV75V74QQQ45YDSGAHEOOBS4NQ7JTZIHMWZYWQ,906655543,Algofi DEX BANK-ALGO Pool,0,Algofi,DeFi
LBRTQ6SYVS6CQNHTRZBAZLXT7KWCEF4PWIJIJNJTSA3QAVA2L4QSXWO3XE,855716333,Algofi DEX STBL2-ALGO Lending Pool,0,Algofi,DeFi
HFQETGRZ75KUOIZDNVNVIACTLKM22D3FOED4HGN4UWH32WZPXC6LROWGHY,919964388,Algofi DEX STBL2-ALGO Lending Pool Staking,0,Algofi,DeFi
RHU2MRXMIFEWQVH5V53IWATYJCPSQX3MUW3NG5A3EKVNGWOPXTTNRXBQCQ,900923609,Algofi DEX STBL2-BANK Lending Pool,0,Algofi,DeFi
FKXBHOUIP3CEWA4KFZ3AMVXOFTMHSB3DEO4RS7L4K3VOKAIUOKCIELBPXY,962367416,Algofi DEX STBL2-BANK Lending Pool,0,Algofi,
5LHWUSIXJFLF2TEVC4I4AWTDEBPTX3ZIFDEMK5W2TNLFQRQT4YABMAWG54,900932886,Algofi DEX STBL2-BANK Lending Pool Staking,0,Algofi,DeFi
N2G5STD23ZD5BWNHP674R4GANGQPR3DBT5HWHOJAGULII3VGWFBM7XWDXU,870150391,Algofi DEX STBL2-goBTC Lending Pool,0,Algofi,DeFi
EQ2MFLE7KZILGMRW276JGN2OUXLMNVGX3F5SPOL2B6BNIU435SPIXOCJCI,919965019,Algofi DEX STBL2-goBTC Lending Pool Staking,0,Algofi,DeFi
YINQJPXRS64XHZZWWXGCDBXJXWOXCAZM3RP5NSQKBT4V3B2TSWOHWJGMTI,870143131,Algofi DEX STBL2-goETH Lending Pool,0,Algofi,DeFi
6R2GTD2ADAS5NK54YXBNMWCHS6QAFSGOUNROX6HQPBCKPAM5CSTDRRU3XQ,919965630,Algofi DEX STBL2-goETH Lending Pool Staking,0,Algofi,DeFi
K7ZA7JREELNPPFR6RITOECCTSSYWR5KBJ35R6YV4NCBCUQ3QD4QU7ZOARI,919950071,Algofi DEX USDC-ALGO Lending Pool,0,Algofi,DeFi
NC2NMVH2DLHYNMC5JQL57RQF2BOC6ORSBGDJCU6M65JFEXYNHYBMDZDXIQ,919964086,Algofi DEX USDC-ALGO Lending Pool Staking,0,Algofi,DeFi
EUK43Q5J3UCS3FT77KHYF7MQUGBG4SOAOP67DTIHWFT4A7OFCYB7AGAKIM,900883415,Algofi Lending Protocol V2 - BANK Market,0,Algofi,DeFi
Y2X3FH3JZVDGFTYHHCQ7IKY44344Q7BKJ7MRQRLORQWCDRXYKEWDDAUVYY,818183964,Algofi Lending Protocol V2 - goBTC,0,Algofi,DeFi
GPX4QUSFS7F5OSKTUQQP7PTL27KI3VJWQQBK2DI53GT5RJPPEGTISMFJ7A,818188286,Algofi Lending Protocol V2 - goETH,0,Algofi,DeFi
AY4WNUDHKIS7Q4WNF2RUYQDJN3WY5D57UOBRSFZTLJ22ZXGNMMJ6GC4XZ4,841145020,Algofi Lending Protocol V2 - STBL2,0,Algofi,DeFi
YJ3KDILKFWHWU4QFNBMR2V7HHVGIXPPZDTM37GG3P66ZA4OYQVIJS55XRU,818182048,Algofi Lending Protocol V2 - USDC,0,Algofi,DeFi
UBVMHRP2CRNARNDOHHCZCRLF5CZ2LPONDOYTHOTA7F2DRYUYW57TR7C3II,818190205,Algofi Lending Protocol V2 - USDT,0,Algofi,DeFi
WQE7PBLV6JN2CC5ZF4AP74CY5XIFGKNEOGBYJFG37JWAVEV2GYOLQPGQ6A,879935316,Algofi Lending Protocol V2 - Vault ALGO Market,0,Algofi,DeFi
CEM24E45RRR426JSFIEQY6R7S4J5LINOFGZF4STKLERTQ5EAX2XSNYNETA,818176933,Algofi Lending Protocol V2 (Manager contract),0,Algofi,DeFi
A3SPTZUKQS53TPM5UHXIZMNUJYCZ4YAKJBFWW2U7ZSUG5AP5JJRVTG5D64,818179346,Algofi Lending Protocol V2 (Market contract),0,Algofi,DeFi
ICNWMMTBHMMHVXCVLIW47IEMX3EJAQ4XQYFCFQTAWI45N5SZFGUOXV2OFY,856183130,Algofi Lending V2 - STBL2-ALGO Lending Pool Market,0,Algofi,DeFi
YCXHMCGA7UBTMI557UGPOJBBJFYRCANYAVFKT24C7ZLRIBCPI3Y2IXU4OI,870271921,Algofi Lending V2 - STBL2-goBTC Lending Pool,0,Algofi,DeFi
CYLPOZGSXETXL5IMGFYSK5YPWNMTEBIRYOHYTUKIVOSWXMETCTN64SNNDQ,870275741,Algofi Lending V2 - STBL2-goETH Lending Pool,0,Algofi,DeFi
A5NNMCRFCHG7RJKIP3SJAVDXJOQWX6J5Q6YT54AMBC2U4BTXQ7GO67YP4U,841194726,Algofi Lending V2 - STBL2-USDC Lending Pool Market,0,Algofi,DeFi
PB465DZRK6NDFCG2HYW45MWPR5TWGAVMCTAQUFPSNAKMAKSL5LQXT56QNI,841165954,AlgoFi manager contract,0,AlgoFi,DeFi
ND6NSCMLBDLC2U6A23PGCD757KJM5SXB6ZWJ4TCH5YWYHA6HNVOADA6SOE,658336870,Algofi NanoSwap - (Manager contract),0,Algofi,DeFi
ZJ5FA4NOV2TRCV5JQADVFVOFRVUHA75NDOVNGPOQRE6KJYB7IKJA7CAJII,661193019,Algofi NanoSwap - STBL-USDC (Manager contract),0,Algofi,DeFi
IPVGR2HWG7SALBBYYJBGS3B6PPEJEKFURDNADN345JWHVGXX7TVS27JAOM,661192413,Algofi NanoSwap - STBL-USDC (Market contract),0,Algofi,DeFi
YKY67NAXY7W575PBNZBITCJRSU3PRQ3O7C6V5FDINULVXSNJ2MUVTMF2EQ,661204747,Algofi NanoSwap - STBL-USDT (Manager contract),0,Algofi,DeFi
BBCAECU3IP2WCPZZCQ2MHLTSHYH37MYJRHAJZMBC366STNHRW5IUPF5Y2U,661199805,Algofi NanoSwap - STBL-USDT (Market contract),0,Algofi,DeFi
PSOJDDC6FQ5SUHGKYGYQC7SZEY77WLBZQJK3IMWRAGL2IGB7IWJ6ATUNQQ,658337046,Algofi NanoSwap - USDC-STBL (Pool),0,Algofi,DeFi
DUM274V35WPXXEPH3BJ4UFE3IDBT4P4ZRHQ2ZV52SVPJMWAJYCPRN4EHEQ,661207804,Algofi NanoSwap - USDC-USDT (Market contract),0,Algofi,DeFi
ATYRKYZ2TKJPXJVXTMQGRZ3V5GXUDRYRLOYWF7H3RRV4HDK5OJZ5PJ4FGM,659677335,Algofi NanoSwap - USDT-STBL (Pool),0,Algofi,DeFi
GSZJYXX7LAVAW6VXC2NYKZC6BZH4WCM7UVN3COSVVWPNTT7C4XXFP6TPUY,659678644,Algofi NanoSwap - USDT-USDC (Pool),0,Algofi,DeFi
KFAASNL2NP7CB76IOBQP33YDQOV73UKEGJY5EVMDINNUVVALPQF3KRUP2A,841170409,Algofi NanoSwap STBL2-USDC Lending Pool,0,Algofi,DeFi
E4UNYXTYK5LO7OYTCMFVGBURF5DYJ4EXQA64NHUHGAHG5QDOSCLHD4WZ3Y,821882730,Algofi Staking Protocol V2 - USDC,0,Algofi,DeFi
NOFS6JF7NTWRUOWSK4JIWNEX65Y3TNGVRCVQHIIHPD6GK2YFTFF6X6QMTM,821882927,Algofi Staking Protocol V2 - USDT,0,Algofi,DeFi
JUU4BVZTSM72OEBRXBHMA66C5VVGEA2PGSXVCQUGKGFJ7L7PIHJOEXH5GQ,,algofordinner.algo,0,algofordinner.algo,
X6MNR4AVJQEMJRHAPZ6F4O4SVDIYN67ZRMD2O3ULPY4QFMANQNZOEYHODE,,Algomart,0,Algomart,
EP3I5HF6N3B7NSLVJ5YOZNTW3B4L46RUTELW6GIWZZ6ZCV5XOVT5PTOHAI,872219256,Algomart,0,Algomart,
UHMMOLSMGIVENCJLAP4PUHE5LJA4EXZDPC5MAYXFIN37XNHD4MWLVVBFKI,766453886,AlgoPixels links,0,AlgoPixels,
RBAXJZM6UUYCNUWUARRTHJASKRJDUGMPZN22OVTW3CCUJLR6YW6MSKVCW4,711081866,AlgoPixels slots,0,AlgoPixels,
NL7QJZCRUEGVZFFI2ZVDNHSH4U7EXJBZ5RZUULEQKG6PEM2KAYT56H665M,,algoprint.algo,0,algoprint.algo,
FRWQZO4A6NZKANEYYWAHZIBHJ46T2LVRFACCLHUY3JQAJLUIWNQQLOQ26A,,Algorand Burn,0,Algorand Burn,
2ZHDNJEHQ7NIDKRML7IWSYJXGCN6WUURKT5LGTLF7I5ABFCM2KE4NL3XT4,,Algorand Foundation Treasury,0,Algorand Foundation Treasury,AF; Verified
6OZQ3ENWXS4JFMIUKMKHPTQPWJVSN6VGBMSBR2E3BY3S5CPF2JPLGUXAJQ,,Algorand Foundation Treasury,0,Algorand Foundation Treasury,AF; Verified
XBYLS2E6YI6XXL5BWCAMOA4GTWHXWENZMX5UHXMRNWWUQ7BXCY5WC5TEPA,,Algorand Foundation Treasury,0,Algorand Foundation Treasury,AF; Verified
HRLD25IMT2Q4UPYOEUZIWHDI3ELCUIC5NLNC75O2NE7OLDJK7GZXDIK5QQ,,Algorand Foundation Treasury,0,Algorand Foundation Treasury,AF; Verified
NRDDQ7MFRTUTMDAP4CBXDQ2IVP5VSLKDASADLLANYLFIKR7NQOGOUINYM4,,Algorand Foundation Treasury,0,Algorand Foundation Treasury,AF; Verified
2JGGWKOIKYZB4HLG2X5DWHD5EWCUOQR7DC6VOEMWELIVNVVAF3BEUWJR7Y,,Algorand Foundation Treasury,0,Algorand Foundation Treasury,AF; Verified
TBN2J7U3J5D4I7R2EK7XIBFNTEGVLHNORAXQ6YBJY5IVNY5IIKOXSJRYCE,,Algorand Foundation Treasury,0,Algorand Foundation Treasury,AF; Verified
L5BLJ4FNK6FNM7V5NUVT5QI6NQAERLLHYT24XH6RS2DUC4WDHPM5LOLGBY,,Algorand Foundation Treasury,0,Algorand Foundation Treasury,AF; Verified
VEJGTLTKNT3VGLG2GVB2LMXC55WYW6J6WPZ76XTY2Y46TRJQOORWERYXYE,,Algorand Foundation Treasury,0,Algorand Foundation Treasury,AF; Verified
A66JRYUOU523Z4MU53AJL3YAEHESH3KMVV7OJI4SMFRVIDNNVDK2LHSL4Y,,Algorand Foundation Treasury,0,Algorand Foundation Treasury,AF; Verified
LHVWNRKGGOTSSDYK4P4WKXTHZI5SAFKUO5ALAW7NJ6G76RG4UXLBCWN5LQ,,Algorand Foundation Treasury,0,Algorand Foundation Treasury,AF; Verified
62UUOSMOMD6XOSRROCIIMVVF2VX6N4CMVLCUFUVWV4Q4T4BHD7ETFNWMOI,,Algorand Foundation Treasury,0,Algorand Foundation Treasury,AF; Verified
O4N25TS4Z5SC34VZ6R6RU74PCEIUTJFSDSKETNDYU4CXI3C2BFYXCYEKAU,,Algorand Foundation Treasury,0,Algorand Foundation Treasury,AF; Verified
GJGK42UVZK4IDKN5MGP53A6FJEHRI52PI4E3BBJZRZCQZ666BKYILYXI2E,,Algorand Foundation Treasury,0,Algorand Foundation Treasury,AF; Verified
IHYR5OZGAIRSCDCNQJVFOPAOJT2SPG3YXAE3GGJPZRI6JV2GQSJAYG5NUY,,Algorand Foundation Treasury,0,Algorand Foundation Treasury,AF; Verified
MKZIWVBDBZV7UK6XQY3DFLYSBLSJWCDHDJWK3JAHWCFMNJOH4ZXQSMOUCE,,Algorand Foundation Treasury,0,Algorand Foundation Treasury,AF; Verified
EU6CHYSH7ZXLJQAPPIN6W3KS7VAURYZCB5P3ZCXMYCWNJF6V5RTVL2UPHU,,Algorand Foundation Treasury,0,Algorand Foundation Treasury,AF; Verified
4H5UNRBJ2Q6JENAXQ6HNTGKLKINP4J4VTQBEPK5F3I6RDICMZBPGNH6KD4,,Algorand Foundation Treasury,0,Algorand Foundation Treasury,AF; Verified
5WCIZNGQQT747WX3RTQIBJHOMJTQRUQBBH3PMK4YLP2X33AICJEUTL6F2E,,Algorand Foundation Treasury,0,Algorand Foundation Treasury,AF; Verified
WDWBXGJIXO3N6A7AZ25XU4UX5Q3FJJ5CCKFCUEUWE75ZF5I6H47X37EY6M,,Algorand Foundation Treasury,0,Algorand Foundation Treasury,AF; Verified
EG6JXQ3TQBWRSTR3OEDUS5RTPLMA4KTMJIV3N6DO7XN2XRKIFEN64DY3BU,,Algorand Foundation Treasury,0,Algorand Foundation Treasury,AF; Verified
VAOTJJLJP54QIKGCCFNJZVNHXXFZUZ3AAXCVGX5LRDQXQOUZRWBFBASUDQ,,Algorand Foundation Treasury,0,Algorand Foundation Treasury,AF; Verified
PS5RV6QGU5IVOFBTCYQVZHB3PQSVLR335OY7BVGB62ZV52SDEQ2PNTYUUQ,,Algorand Foundation Treasury,0,Algorand Foundation Treasury,AF; Verified
VZBMOTCMEHRITULBNLCWHA5U62UUXLQZMLVM6HPBPCMIM2YOMHDQRTK64E,,Algorand Foundation Treasury,0,Algorand Foundation Treasury,AF; Verified
OMHYS6DGAS2GQIMALPYPSMNDQ2735J7Z76RQFH7KP2MIPDHXOZYVV3TVO4,,Algorand Foundation Treasury,0,Algorand Foundation Treasury,AF; Verified
3NGBML54PC7AJATJGW5BXMF6ZOFO2V4VTKKRTS3EAZXTVVHSPXTNV2GKEA,,Algorand Foundation Treasury,0,Algorand Foundation Treasury,AF; Verified
OM2NLTOCWVDGX5XI6ETIQPW2CEILSEJFOC4NX5TJCTU6WMNC2KT2OUCT4M,,Algorand Foundation Treasury,0,Algorand Foundation Treasury,AF; Verified
E4VMOYKWJCTKYVY447ALPOZMORITQYQVZVSYJ4ABLCCAAX4ZE6RNFDXZPI,,Algorand Foundation Treasury,0,Algorand Foundation Treasury,AF; Verified
EOU3RSLHSCS247TWWMWQY2FPMOTEALFCNXCR2BV4B3E2HMIIHWCJNIGKFM,,Algorand Foundation Treasury,0,Algorand Foundation Treasury,AF; Verified
GKKTNJ42QIW2BO7UUWGLTMFPVN744LJ5T3QXVSRAV5752476LXTQHWOUUM,,Algorand Foundation Treasury,0,Algorand Foundation Treasury,AF; Verified
XUPBGF6OXIRVIGU2VHHYJFI4JEHLLIPNLMWNCSUZ7F44KYFRPV52ULIYNI,,Algorand Foundation Treasury,0,Algorand Foundation Treasury,AF; Verified
4STCN6LMGELTGPF5JTOIPNWM3UBJL6IGBZG6I4TKAL2K3BEJBBYVE56QQY,,Algorand Foundation Treasury,0,Algorand Foundation Treasury,AF; Verified
CFB4XBBO6KDDFPGWT2LDF7O7FJBVSPXH2ZBBTRAZAC4DVUM6KB5IU7XH3E,,Algorand Foundation Treasury,0,Algorand Foundation Treasury,AF; Verified
SSXTVQ2W3EICPJZ4SGX273KO2A6S37URYRF2ZKGBAQCFVKPC5MXUUI6UB4,,Algorand Foundation Treasury,0,Algorand Foundation Treasury,AF; Verified
LLDPRZJUNWC75TS4GUGH5WFDD4GFMFKLAMLCGO4SX5WDMIKCQPCZ6ESERM,,Algorand Foundation Treasury,0,Algorand Foundation Treasury,AF; Verified
KEU3FQHJ5CVO7DC5OJKHR74Z6M3X26O4IZYHHAIV6T7SLYHJJG32LCHICQ,,Algorand Foundation Treasury,0,Algorand Foundation Treasury,AF; Verified
DAV5VECJYNSFQFKWX37YANONLSMWHGUVPGNLLQLX6ANW4WN2SFLZQPXRXI,,Algorand Foundation Treasury,0,Algorand Foundation Treasury,AF; Verified
JB2EEILIBYWA3WACBIERYPG5TV6K6IHOWJKDFDHRGSCOEHTMEUUML7YXGE,,Algorand Foundation Treasury,0,Algorand Foundation Treasury,AF; Verified
JGIPWSM6QR6XYZIKDRJ54OGSYATLGPSTUMETAFULUS3JXWFALPLGU7OMOI,,Algorand Foundation Treasury,0,Algorand Foundation Treasury,AF; Verified
ROVA2AHXIEUFK63ULPXQJOMAGDRG2C4EZMGD63QHMGJTMTBLHTG5RPZUTM,,Algorand Foundation Treasury,0,Algorand Foundation Treasury,AF; Verified
V3ZJHYSUMAUZXMSPO6GNDO6QQUGB5OWCHNAB5A743TKYC3RWBPAL3P5IIA,,Algorand Foundation Treasury,0,Algorand Foundation Treasury,AF; Verified
BOYDCIT7PLRNGQWLPV3TONU3I6YJZVCNIIZNZ2GT4JKOD6SGT5FETAU6JE,,Algorand Foundation Treasury,0,Algorand Foundation Treasury,AF; Verified
2LTZXETMTLAWET4CL3AZ353CXJ2HZE4RXFIGVD3HIBLB66G32HHGOAQOXE,,Algorand Foundation Treasury,0,Algorand Foundation Treasury,AF; Verified
2V26XPENXHP2WRI4S4NFDIELZID2NTNA4MFQD5OM6SBBSG6NTJECHJHM5I,,Algorand Foundation Treasury,0,Algorand Foundation Treasury,AF; Verified
UHCZHQASE5UA36NJNH4PYGF2H2XBJGSMTIPGA4NS4YA2L44VLQBWNLWQCA,,Algorand Foundation Treasury,0,Algorand Foundation Treasury,AF; Verified
HD4IX4PGBCCLIUGPVTD3DTBWMQFIRJ4UBI67KXLTSJ23FUP54F67IXNLRE,,Algorand Foundation Treasury,0,Algorand Foundation Treasury,AF; Verified
OFTMUIRIUX5YZDBIWJOGGK5IPR46HYHQ5OJTBYWDI5QOLVTSCUKPOODZ5U,,Algorand Foundation Treasury,0,Algorand Foundation Treasury,AF; Verified
7ZCTFU4SA7KOYWCHEDYC5QTTH3NWOS3WDGSGJ5J263IRFWOMWNU2VIRSEA,,Algorand Foundation Treasury,0,Algorand Foundation Treasury,AF; Verified
BWM3QGF2EIBSSE2YND52F7KR7TMFJIKAHR4FLRH5W2H3VWUQUNG6V6LWYM,,Algorand Foundation Treasury,0,Algorand Foundation Treasury,AF; Verified
55JRJV5VC7DEWNOG3RJIVINRPN25TWNPMBPM4LFTCUEBIU3TSMONCM77DI,,Algorand Inc: 128,0,Algorand Inc: 128,Verified
ONXWLR5UEXMRHC3HRVOFXLKGHTZTKO3OFXYILQGRXMSM5DT756M7QQ2EU4,,Algorand Inc: 129,0,Algorand Inc: 129,Verified
MLRAZSB6RAJHANQUO3FFSURNA5JTV7ULOCS5EENMHRY6AMRRGLWF53WY6U,,Algorand Inc: 154,0,Algorand Inc: 154,Verified
3JWABOWW6LV7T7A77EL3Y66RO22GTIGFHNIYHNTIF6S2TAH3VB7QEK5SD4,,Algorand Inc: 159,0,Algorand Inc: 159,Verified
SYGCDTWGBXKV4ZL5YAWSYAVOUC25U2XDB6SMQHLRCTYVF566TQZ3EOABH4,628095415,Algorand Name Service,0,Algorand,DeFi
JHCVUBWAJHEMNPBZDNYVXK6DNRFUJWNLWXDDLLBOLIL3KFCQAOI3XVMWOA,,Algorand Technologies: 287,0,Algorand Technologies: 287,Verified
PZ7TILKNWVGJTAWF7YSBYDHT44SN6NQJXHI55ODGJXGXHGB64BH6MBDGFY,,Algorand Technologies: 288,0,Algorand Technologies: 288,Verified
DEK6IBQKSX5JPKUSIDCLRUEXTAJLSEM5EFZWXDDYYVPKBH3JOS4NPT477U,,Algorand Technologies: 289,0,Algorand Technologies: 289,Verified
R3T4HFV3QXOHCZHRSQDJATCI2E7KHFA4BAWG5C6CGS3MGFNUFSI5FAYEN4,,Algorand Technologies: 290,0,Algorand Technologies: 290,Verified
4SOZXGYC5MGZ4S24LX3MHOLYVBZNOHNUN5MP4E5TLX6TXP22BZ6KNN4UQI,,Algorand Technologies: 291,0,Algorand Technologies: 291,Verified
X4WVRFC6E4R5MJLB6XLEB24IHONPVEM4A6VCBFA634M4ZCCTMJ7YZZH6II,947957720,Algorandâ€™s Randomness Beacon,0,Algorand,
VESUHH2VG547TACQKYNWCODEWGHJPOJZTAWN45BTT2DXGEJJPVUX6QIUNQ,,Algowifi,0,Algowifi,
MGB4P6D3ZN2DVTFWZME7I6GCNAHYZPGFJL53IEQUBBK5RE2YT3L2UQZKCU,826494699,Althena: Proxy(Humbleswap),0,HumbleSwap,DeFi
MX7W4IKTNWG5ZNKJYI376V5B2742HLHR6HEFROL7RNPFPG5YHRTUMXZLOE,1060453055,Althena: shield,0,HumbleSwap,DeFi
LBCN7GJOHZY6PV522GEUX5A2VL7UVNKVFAKNP3NCZEK5HIQYLUNDOXWPZQ,826515019,Althena: threshold,0,HumbleSwap,DeFi
FTDVCZ7HNKANT3YXZOYJP55WDLVKZI4BMDHKQUMTH4FEIRY4Q6NRZB5OLI,,andynguyen.algo,0,andynguyen.algo,
Q4TFHSO6CFZ4AKRARUG2SKGLVDWVT7RCU4A4JAHW3ZERWPQMFUOWOM2TNU,,Anote Music,0,Anote Music,
HYTXKZSQ53WDP74JWNETVMWH3BRQG4WNKX4VAYSJ4M4DY5W7RSWJAAYCUI,,Anote Music,0,Anote Music,
OUCTL5PHJEQWVVFRE5MDPVX6RALAC3DNUUJRVHT7E32KIZMLGRCBBKH42I,,asawhale.algo,0,asawhale.algo,
GGUMZYT7GHGTOUOMBXVY3AY754UKOKABBD4732COI7IVXMOCR4P4X23YYA,,Ascendex (Bitmax),1,Bitmax,CEX
YHNEBTGKMXNKHCIZHFKOKD4QLYSVWA2BO7CXOLHKKCYDWDAP7KUGV2HEQM,,Ascendex (Bitmax),1,Bitmax,CEX
32ZOP2VAG24WADFNO5KYXRNFMPEJW2AQRET57UPCLDYHJFVGZJBXA6LBMM,,Ascendex (Bitmax),1,Bitmax,CEX
3TT3NBAFMXODXJ7CRN2PISXARITZIJPSWTCAXJZQXJJ7RCX3JFEJPUEF6A,,Ascendex (Bitmax),1,Bitmax,CEX
GWMXDQQNKYLLH36HBN4SISS7MUEFO5ORB6METVI4ZCVA4HOXIQYVVKJPV4,1055977927,Astabrata,0,Astabrata,DeFi
M3V2EMOIJSE6JIRYB36ZOBBP4UCTY6DGYROCLC2QKYTYIFF7GSNLPSOJLQ,1055981535,Astabrata,0,Astabrata,DeFi
ON7JPTICCO4VJ4J6QSBOH2BX7ZKQWBD4T7IE6HBNQVFYC2PSRRK5UOLFUE,1056092000,Astabrata Farming Bounty,0,Astabrata,DeFi
6UM73676FVX4EAFT6FFCTXFXHFC26NBY3QKDUCW57HRNWTOAABCMZRU6NI,1056107839,Astabrata Farming Bounty,0,Astabrata,DeFi
FIVHYWYHALNW5UD3EDFXYEDXAMN2KNGFFCZBNYVZUTNOSWHSQB3Q4HFD2Q,1055985907,Astabrata Liquidity Pool,0,Astabrata,DeFi
RPT6QFR6HM6ZJWWJVWDGYBWKKVRAQT6TBPOG4F74QFXB3ZQTZR4U32SVLQ,1059361992,Astabrata Stablecoin  iALGO Pool,0,Astabrata,DeFi
HAA4QFLMKJX73AXIG4YWTCI6ERGFFBIZMQGMWL4PH2NVCHDQ6BF7WIAKBE,,Attacker HAA4QFLMKJX73AXIG4YWTCI6ERGFFBIZMQGMWL4PH2NVCHDQ6BF7WIAKBE,0,Attacker HAA4QFLMKJX73AXIG4YWTCI6ERGFFBIZMQGMWL4PH2NVCHDQ6BF7WIAKBE,Malicious
3LHSVCJXMKHJLIF4763CVJX2F573R4MRLP4UKFQNRFXQYV2UOLLFUHZWJ4,,ballerverse.algo,0,ballerverse.algo,
Z76SPMZJ6HF2Q476MIOSH2TJE6LMWKMMVJUSJRTRYNTHJVEER54VR2JJVY,,barrington.algo,0,barrington.algo,
PED7F4HLX4FORSOQXFA4OJDIMJI4MJ74CHYCFIEVLKICSQMCRXXM7B2AGA,,beefwellington.algo,0,beefwellington.algo,
RUA7B576ZDJAUXMMZDGA4KHPNBNYGUV4ACAUZSTGOZXSZFUYBUHHTK42LA,,benjaminfranklin.algo,0,benjaminfranklin.algo,
LH3S57LNFJQNQAJTSL6N7PYCKZPH2VAUXWDWHJBQ223EETQMQXVBIZOEKM,,Bilaxy,1,Bilaxy,CEX
HCUTA2M27FKUKPOVI2F7VSCSJI3MYQC3N6F6YO2SK3RM6W4GQPQ3AHHKEU,,Bilaxy,1,Bilaxy,CEX
HEOQ3S6V47RFLU2RZ5GTQYJBEFRL54UWZ77PNUBNTDVSXIPYOPE2XZJSLE,,Binance 2,1,Binance,CEX; Verified
MTCEM5YJJSYGW2RCXYXGE4SXLSPUUEJKQAWG2GUX6CNN72KQ3XPJCM6NOI,,Binance 4,1,Binance,CEX; Verified
QYXDGS2XJJT7QNR6EJ2YHNZFONU6ROFM6BKTBNVT63ZXQ5OC6IYSPNDJ4U,,Binance 5,1,Binance,CEX; Verified
YNH3E6RUOK7HAXBB4ZYBVASZEP2B7ZUN7XBMYHSFB2ZHWFYOE4OYJTZSTQ,,Binance 6,1,Binance,CEX; Verified
3FRCCRN37PJKJLDYIJZFA2L57VJHLYY22KXHJFE77H254TFFQFGVQVQMTQ,,BingX,1,BingX,CEX
RRPHQTWHANKSKT3LMJHEJBRVLQ43PIRYYI3TON6O6WFOR5O6C65C3N43UQ,,BingX,1,BingX,CEX
JUL2CBXW3DUN2IK4ZODKIV3T3JFJGTU52GYIC2PDHVPXKUHENMH4VXE7CM,,Bitbox,1,Bitbox,CEX
JDQ7EW3VY2ZHK4DKUHMNP35XLFPRJBND6M7SZ7W5RCFDNYAA47OC5IS62I,,Bitfinex 1,1,Bitfinex,CEX; Verified
37VPAD3CK7CDHRE4U3J75IE4HLFN5ZWVKJ52YFNBX753NNDN6PUP2N7YKI,,BitGo,1,BitGo,CEX
CT7HPFSYMKHPJES4GEEA5VE6ML7PF4JUOKNSJNDK7MXYNYLMMTFJ7XDETY,,Bitkub,1,Bitkub,CEX
FFRGW3UJ3SC5MQIVBJ3TLO2KAAJBFPFKERTINN2XALIYPTSLYISB3D2R3U,,BitPanda,1,BitPanda,CEX
32ITT53SHUL5UFMS6AGYGWXX2YIDD5UAV7ZRWVOTJPDFSVDCFH5XTFGTOQ,,BitPanda,1,BitPanda,CEX
QF3CAWM6RRCTSZCGD4D6V42NGW6ECH6O6VRGI3BEL2TUPHJYJAJ3UXLCTQ,,BitPanda,1,BitPanda,CEX
LRDSA35VTQL3ORSNBCM7TPGMYZKWK3OTRWSKD6NSXOKAOIPHQXJFEKNS2Q,,BitPanda,1,BitPanda,CEX
JQPL5KM77WZWXSBROCHG4OSI3MODK4ERAVSEV3DEUYGWFFK7EKYCLIT6AU,,BitPin,1,BitPin,CEX
4WXV2OVD5JMSD557MN567JI275UNXQJQIJB4X4HMBHI6LYR5I66XFW3BDA,,Bitrue,1,Bitrue,CEX
HK35AIVEVALFNHVF7ZDWOW4QZX5BWD7GO4RV7VMXYFXULAIYBTCS5NZ3G4,,Bitso,1,Bitso,CEX
4VS32XGKJA3YGH4CZHL6YLC5LWJJSDEHDYFW4WNLKDIYZ63LTCJ5JVJAFQ,,Bitso,1,Bitso,CEX
CSFGMEOVR75FN5CYZMM6OPWIFIWW3IOT4WM4I3J7ISC3VYENVUZCLBJ6Z4,,Bitso,1,Bitso,CEX
6ITEMKNE36NXKWWDL3WBYDHK3T77UY3QDCMBYBC5QMGVDFWEP626JX6CXY,,Bitstamp,1,Bitstamp,CEX
FAMXONMLEMDD57HSUITLDPA7OFC5H3BSIN6UBWYOL2LOLRIHCGTN2CAH3Y,,Bittrex,1,Bittrex,CEX
OYUTVRMJRAVXKYXS542BNWYRQE2IZJJKPROL6JHLBKEAXYURKQ5KARXH6U,,Bitvavo,1,Bitvavo,CEX
ASDNGCOKPWDF3IFVNGVYTRC4EBU4RGFBIX4PVFMBVUM3T4WIKID5GABY3Y,,Bitvavo,1,Bitvavo,CEX
HBR3NL2RR3BOKPRDNQSQO2GYOUXUM2ZHUUDDZOFYU2RT3DHLPLH2BWEA5Y,,Bitvavo,1,Bitvavo,CEX
UKZM663BYLUTDYHF725KCWEOQM4YZ2BN3LCTE5LT4W3TC2H6DAUUMNZNJA,,Bitvavo Governance Rewards,1,Bitvavo,CEX
XXCVZJHUTYWIRHX4LNI4ND53KNZMU6ZI5UH3FQ6WHKJR23PASL3LF7NLC4,,Bitvavo Governance Rewards,1,Bitvavo,CEX
3NFYCDBNCRRPATYKVLWOSVWZOO6G2GA3TVR5ZEWSLVIHFUM6QLOOLCWZO4,,BitZ,1,BitZ,CEX
IQPDUHYU46ULMBYEDKTRS2CJZHIY44QR33LRHD3SG5MLHTFXCIA5E42D3I,,BKEX,1,BKEX,CEX
2R22657D6T7I2OQTJHWZMUPOIWNJH2R2KJOLKWBOC3NMNM25ZFS3ANWVJQ,,BKEX,1,BKEX,CEX
LV3CIA6KNEZDEE5THMYU4TXAT5MGP4MRUAA7YQHAHJEQL4W2I5GA5JWTEM,,blakewood.algo,0,blakewood.algo,
3UCURHIUOMBS3D3LLWOSYKK3NLMSBCBJEE4TUQGEN62WVRJBPOA5OUQFAA,,Blockchain.com,1,Blockchain.com,CEX
BCXQLC5SV7342EOG7Y7LWDYH2MSDAQE2ANBCDVFCT34GVV5YTOF7JFDOEE,,Blofin,1,Blofin,CEX
7A2AJUBIUKBMIOIJPHJYOW3U7LOBTA6FXHTNMEBXWL3HLFB7PBV3FUL67A,624032309,Board,0,Board,
4GMGGG6P3LRGD5BL6IG2PRS6B4WPCFQO6RHUVCQLWRHETUS4IPKGBS7FQU,,bryan.algo,0,bryan.algo,
4XMYSESRPRVOFT4EB5XXHHQSEQBTUA2XNIKWUOI32EWPL5N5RUUNWE4IJ4,,BTC Markets,1,BTC Markets,CEX
F4MY7F4A3RNJT3UEX7JU6QKDB5VGYVGGXBLQVMRHJRBLR3YESFEOORNWHA,,BTC Markets,1,BTC Markets,CEX
WXVQR4CFBF3USC5JXFFN5R6MMOZPGOHI3GKZFBU3S5NI5PTKWPBFCPZWZA,,BTC Markets,1,BTC Markets,CEX
BMHBWFCZDR6SWDB6X2RH4OFPLPX5VVGCAXNXWUOCPUD3WWLDY7VY3TQJMI,,BTCTurk,1,BTCTurk,CEX
S3E7MLYKT3MVKHTIZXZHFY6OBIWV5RYDFISBY2TEGLX5MGUX4F7Z4VESDI,553829581,BurnYourAsa,0,BurnYourAsa,APP
WZU62QWODUXDNRCRLOP2QONPLKFCOQT44EDTIMXEER7P53N4IZKGS635HA,,buz.algo,0,buz.algo,
5GW5VO4JNTHXVH2DYV7HAKBKGQFSCAI4MBUD5EN3FLBGLF4KKRXJE24ASI,,ByBit (?),1,ByBit,CEX
C3EXCPEEMYTIJ2EYUMEMLBDHIJ7J2KAHGKFHWD4GQX5MP7PYZO7O2C6YZE,,C3,0,C3,
XGE65UPXAFATPMTKGPA2VNHLMDY2URHD7NNPI3XJ3ZOXEAU6E4ZGH7PWZY,1257259627,C3,0,C3,
UEW26SNP7KIJNGC5TCWMC2EKWTFAUSYPHVWBRT2FZ67LMG6UUDBAVD4ZSQ,944210403,Cables DEX,0,Cables,DEX
ZZ5E34HAUMCODHGZX2EVXMXCPXT4TJGBZW5DR5ST6NHQMLVYGZNQXZMNSI,,CCTIP,0,CCTIP,
NXOY7T2J75FUSB7WB5FJXQQFIJFV4K7UZN4M5RC5BX2526FLUQWPBXN6IY,,Changelly,1,Changelly,CEX
4UE7AHNYEYD5Z2VJUYTU5JIXHLFJIVBXF3RXZRJSMN4ASAJEJOOBYOK4AE,,Changelly,1,Changelly,CEX
6PO62A5VTCIQJWFGEV7RNAGXE5AVCIFI5VYOO4MX6OFEQHB6P2XCXW3SBY,,Changelly,1,Changelly,CEX
6YYNPQSWWSZI2FRZFB5YRQCK7CGIWD5WGKS2EZFQCES2RGURJNK763U3AY,,Circle Finance,0,Circle Finance,Payments
OSS3CEB3KK2QGVW4DZYMHLDJMJIY7WKFQCPXV7KOZCGF6GPILAARBOGZHM,,Circle Finance,0,Circle Finance,Payments
SO6ZNE255CHM56JNA6SYDAKIMHC266DGM4G47O6N66UT57HZZ7VV6Y2N7Y,,Circle Finance,0,Circle Finance,Payments
N7EKC7TAVSCI7BMXREEZKL6E5E44EERSJ4IYZ6DUMYP45HBAX2RMTPRTKQ,,Circle Finance,0,Circle Finance,Payments
J63NZUR3S4LJC2RPBSOXGQ75DUVQEBTIFUWL2R7FCQES24HFLQAFB6WDAY,,Coinbase,1,Coinbase,CEX
5P4IEQSZBRAQHE4WQIIMYQGSVD4N6ZWM7TEJ3QXXMZIL4BR3MV6BFQYTUQ,,Coinbase,1,Coinbase,CEX
ZDEFFZZ4NAWFP525TOGNWICWOXKOF74DFMYCE6BMMZIZVX5NNPYKN4SRRA,,Coinbase,1,Coinbase,CEX
LYKPESAJWNRAV7XADUHBKLADBK47HWKIM4W3K7ICKXXEURMP2AJLYLFDF4,,Coinbase,1,Coinbase,CEX
WZY5ZGJ57YOVJ2TCMFXIH6TNLDC2FI2UJSWGG4XN5RK4XVQX4MMOIZD2AU,,Coinbase,1,Coinbase,CEX
KQ6FVR6PTHMV7QV47LBSR3LVM3EWSNHJPTWQ7GUEFLI2NGKC3RAULQ27K4,,Coinbase,1,Coinbase,CEX
DLRY7TLD3KXB4G6IAIW5KGUZEVIDBS2OZ3LR7RFSJD2KEUDKWFXEBPK3HU,,Coinbase,1,Coinbase,CEX
WD5EDLJCLRWFIBEUCT43J6QM3LGVNSYXUSMWGUKKUMJBZ65IKQWIAV2LIY,,Coinbase,1,Coinbase,CEX
FFLRE4VZK35KAU65VLBRMR4KZVHE4S2TEXJJ6K4POZJZXUND3V2V6DVJNU,,Coinbase,1,Coinbase,CEX
A3MYPLCU5ZVXDJEAXAVV2SAUWJ4INWGPYOKM3FWOGUASOJ7V2L6DTC5YN4,,Coinbase,1,Coinbase,CEX
5EYP2467BNWUIE773T57P3VZ5RRMWUFCPSYOOUHVFP4AY5HSZ7MKECKTKI,,Coinbase,1,Coinbase,CEX
R7ALVPEQRGECJK33LANXMPENWYALTAZQTSGNCTEQPKBSBDI5KO252SAK64,,Coinbase,1,Coinbase,CEX
P73D4BTS5B55FBV5Q4K2JZNTJOOMACZY4TFYKLCHPCOGLUPGDBXDBVSS7E,,Coinbase,1,Coinbase,CEX
ASHPGJPHCZMSVBBUVFOVTSIYFKCR26STPOVPU4GWACKTZT35ZQYBSE775U,,Coinbase,1,Coinbase,CEX
LWUWBZPVBS24TDBDZ72LUYJJF75KUJ3IUP6YGG45PVKGNAJYRGQD5CSCPA,,Coinbase,1,Coinbase,CEX
MQOZTXRBYZ6JIPGQLNV6Y4REHFKVZKBXKIJVOGEYUDPLQNYZ5YJP72XZOE,,Coinbase 2,1,Coinbase,CEX; Verified
27D6WYEDJZHLFCLJNDJF63RFYFO32KZHOYBHET7BSVDHSTJQQI5GFN2QVI,,Coinbase 3,1,Coinbase,CEX; Verified
UXVAPU4KERSMNUILDVZUKKF4KMWQ7RFSSYPXYSEGSYNYILC4FEHISKRBNM,,Coinbase Pro,1,Coinbase,CEX; Verified
YBDSQOY2NDJUQMPIQ4SKTM2OKC75Y6ECZAQADH4JIM7R4CZPGOMSDGOHNU,,Coinex,1,Coinex,CEX
EENN3ZZRQ3LYK6DDKJHPGNSZQ277USW6YNDOLSI7O7JE2KXXA5XBMMJ2IM,,Coinex,1,Coinex,CEX
7OX3HVUAMTEIU3MHHUBAREGHX4STSOZL5EMZJD6ZTQCFTSSDQRRRHUSAIU,,CoinJar,1,CoinJar,CEX
AXY45DUDUDXFK2IBS6L4H4HFUD23IEIN7JJAQKQAQFAGP2L77P4F57NJ5M,,Coinlist 1,1,Coinlist,CEX; Verified
INEMEBYNS5I2CMX4JH3B7HFSY26AMJEO4T23Q3K6H6F7WR7JZMJ2YTOS7A,,Coinlist 2,1,Coinlist,CEX; Verified
LSAH7NBFXSUP2RSNS4UDA6KA3THYIS5CAWVE7IG4N45FAEGQOXYCXSL4TI,,CoinSpot,1,CoinSpot,CEX
SPOTCFOC4VU5QX7O7GIDFBZJNB5F4UVIJFT7KYYJCIE26QWS5MOAKFQQ5I,,CoinSpot,1,CoinSpot,CEX
XFYAYSEGQIY2J3DCGGXCPXY5FGHSVKM3V4WCNYCLKDLHB7RYDBU233QB5M,,Colombian & Argentinean gov,0,Colombian & Argentinean gov,Government
H3SG2DEBTRQJJVT44TPOUTEIKSIKATBQFYY5ICOFXFZIQVCTFJSEY73OMA,,CompX,0,CompX,
3HOQI46R2WNG2NIUYZRTXUAMCJBED7ZBPQ7J5WV7K4LM2POBSUCLJWMUZA,,conscious.algo,0,conscious.algo,
CHHBDTMGN5TVYMWVQF43TYF5ZO2RBBWABWGXBNUWGEWUGIQEWKQGWA6YXM,,coopzilla.algo,0,coopzilla.algo,
UI6AGNWYGQD6HNQVEZ5ZTAQR27FHZ45VMLTS7LTSF2IZGAJMOIF4V4EEVU,,Crypto.com,1,Crypto.com,CEX
QWKLUAQ37BGQS4G6GTGIWPMIIOS4HHUELF5ZXWP2YNTELCTHJXUMTLVDMA,,Crypto.com,1,Crypto.com,CEX
ZQZSRRRDQTCUQLOEGIHQXIGPNM53XYC7BVJJKQ3TNBR5YJOCNTAO4HQLY4,,Crypto.com,1,Crypto.com,CEX
YVSYYPEXNBQITCHB5P3JFCE3QBSS5M6IR6LBZCDKD5CFYTNH5I4AP2JKQE,951618646,CupStakes,0,CupStakes,
WARN666I6ITOTBIFMYOOYDAT2JA63QQO2Y6MJCNER5YAF4L6MQO7W6SCAM,,D13account,0,D13account,
GPN2XGX42DW4BNMVW27YUO7U7VLK2A4SKMP3CZ34ENTPCZ2URBK4YSSFJA,,danko.algo,0,danko.algo,
G2NKY22VF5MO6PZQILGE5R54JWXBYATZ2HYE3IYM36B5U7DIMORVVPSYCA,826032354,DAO Vote #1,0,DAO,DAO
543ELKXR3HJ4GQQRZN64KFQ34J6KTKZ5MGXJONVEQG2P7CO44AGRHE7HGE,,datamuseum.algo,0,datamuseum.algo,
R2BPRCZNWG6NZPZFZP36DBSDPKSGUFMWVBHHBHOLZR65X2E5ZZLC4PHSSQ,,defi.nfdomains.algo,0,defi.nfdomains.algo,
NYWUFQ3WBTA2JG7MP6GDQ5EAKWD4OVC2QBJE7LZMXRDKCNAQCHNSOBIR3M,,deity.algo,0,deity.algo,
NWLEBGQX3OYPYVMI6DVGRLW7WVWX7BR5MA4JOEYUCATNLC2UCUQ6TOVD6Y,971353536,Deposit App - Folks Finance,0,Folks Finance,APP
6WJXNUJYMZZEY7JSND64XX3472YMMR5XCDRKWAI6EUKGKPYEILQOUOYVCY,994412935,Deridex - ALGO/STBL2 Perp,0,Deridex,DeFi
CL2RWR3WPHMSRPONBGVCWOGOTROK53CC6KKKJBCEMB42ZSKRLK2MRWG3QA,994410115,Deridex - Manager,0,Deridex,DeFi
2NBWLB4ZYRC6IKOEJT4HKVG7YCDEBRIOUSW7T2C7UKJFMMMCINDMIAQMME,887391617,Distributor G5A,0,Distributor,
3TMAFSWEIAHUYGT4P34SW5LIMAXRFPC4HQVF5AF2SJTOVACRXONLMTQCFY,902731930,Distributor G5B,0,Distributor,DeFi
GV4UN3LY5E5NRE7FZCNAEDRAKQK2GPYA6EA3N6JNRE2AKCSLNHMLOU5FDA,,DWF,0,DWF,VC
JJT4QS7NTMCKVSLJUZ6BQLV44MLQ4F5OWFJP26CN3BYTPORMMRO5AB6QCA,,DWF,0,DWF,VC
OVV4PORLLVTPZSC7SV2J3DESBI4H747QDJFFH2CGO6UNK3QQ4AU5APLHBA,,elmayimbe.algo,0,elmayimbe.algo,
EDAUI3OWXNNIAJOOTCVBVRC7EAO3P47ODM5I67TVUIHALP6Q5XGRWNJMEU,921646891,Ettle,0,Ettle,
R2P7F7FGZUW77KTSH2YDD2V2P76Q2HBCMSEB6H2QBM57R4OC5BMWE3QSJQ,921759365,Ettle partners,0,Ettle,
R2LPJRKONXXURMO6F65VHGCXPKAZM4GGDC5KH5VZ2W3ZFIZYQRAQT7GLM4,,EURD,0,EURD,EMT
YZOLGPHWRVEAEVS3MSCSSAYZPDMZOF6KHDU76PCRW7MV2OLBJM5EGMVMDQ,,fantastic.algo,0,fantastic.algo,
Y76M3MSY6DKBRHBL7C3NNDXGS5IIMQVQVUAB6MP4XEMMGVF2QWNPL226CA,,Fee Sink,0,Fee Sink,AF; Verified
IMILXCW6AROJIBDSJDGRMMFOMQ572K4SYCSD6ALZRJGGA6ZZUNJB526SWQ,,FIFA,0,FIFA,
Q4JACKUCBBS5CBWWKW6BZOSOD3TFG6T4XLMAGTWX5EKQOYFQLBHGCOW5HQ,,FIFA,0,FIFA,
44GWRTQGSAYUJJCQ3GFINYKZXMBDVKCF75VMCXKORN7ZJ6BKPNG2RMGH7E,,Fireblocks,0,Fireblocks,
OR2SC5JRLQNSN3EHJXIH2BPNREUP7ICUEUUSGDAQGKAKNF4EBHOBSRSD6I,,Flex ID,0,Flex ID,
WECLYJ4ERN445J4Y4IDRV274HMFG7MJ3A2IWOUCHSUKEQNORIVW7QEKKNY,,Flipster.io,0,Flipster.io,
JIUK4YAO2GU7UX36JHH35KWI4AJ3PDEYSRQ75PCJJKR5UBX6RQ6Y5UZSJQ,,Flybondi,0,TravelX,RWA
TFZHINPZDMZGGXLAYEMHIW36II6EFQZ5VTLKFBQNDR3X73KPK7KELSI5ZA,,Flybondi,0,TravelX,RWA
JCFLUM2CV5YEDAEVMATA3JVMKOIIBTBHLMXJBMMKOH2UA2247KIK5WZSQI,,Folks Feed Oracle,0,Folks Feed Oracle,
LDYYIL7KAAIRU3NR4IUWIH3OAAB2XHE4VWILA45CILBQRJZVZFJHATOK6I,971323141,Folks Feed Oracle,0,Folks Feed Oracle,
WZXFGCXE4RS2TUH4XZFMLX56SX6D3MIJDADMIQVTP767JHTZ6HOWED5VOM,971333964,Folks Feed Oracle,0,Folks Feed Oracle,
OEJHBOOMCGCYBDQY6M5MLZ65QJGKSA5CCVFRCZWI5TOFSQZD4FV6IQMTWQ,1040271396,Folks Feed Oracle,0,Folks Feed Oracle,APP
2ZPNLKXWCOUJ2ONYWZEIWOUYRXL36VCIBGJ4ZJ2AAGET5SIRTHKSNFDJJ4,971368268,Folks Finance,0,Folks Finance,DeFi
U7PQBPSKLHB7ZWSWWQL26XUSUSSUNNNDQ24CZ676GP33LGY6LVELSPJDFU,1093729103,Folks Finance,0,Folks Finance,DeFi
AV6PFVXWDQ7RVNQYOEXCWXCLXVJ5V57WVMVQZ2TWH4EKTB7GSWKUIAUPXQ,686498781,Folks Finance - ALGO (Pool),0,Folks Finance,DeFi
TLCEE4WJRAEHRFGTPKEJ6PVRVZ3PDMEYFYNISSYD3RHHEWGQZWHB5B626I,686860954,Folks Finance - ALGO (Rewards aggregator),0,Folks Finance,DeFi
YDIA62IN6ZYAQRVLBRB3BJHMLUKMOJYICK5QDTDC5LXANW6F2F5GTYMDFE,805846536,Folks Finance - ALGO/gALGO PLP (Pool),0,Folks Finance,DeFi
VK5WHYJR67FJSCW4G43WBAUQIEW4ST56PVVRDQ3C6GPYK4BMOVH4TB6IGY,743685742,Folks Finance - ALGO/gALGO3 PLP (Pool),0,Folks Finance,DeFi
IVWORGS7AW5UGKI2FGWSJGHFPMDIRJYGDS2HYVLQTMPT3VUKIFT3NQFGAA,743679535,Folks Finance - ALGO/gALGO3 TMP1.1 (Pool),0,Folks Finance,DeFi
7BOVKN3VXIKHRBARBIZAGDHGPAX6KB6MDBSN4Z6SEH66WYNK6TAM5UNJSY,747239433,Folks Finance - ALGO/USDC PLP (Pool),0,Folks Finance,DeFi
GT4T3KXEC3NIXHQ3B3SJBKN45ARI4AH4QHWF22GBWKPTEUIVORA6RFJW5A,747237154,Folks Finance - ALGO/USDC TMP1.1 (Pool),0,Folks Finance,DeFi
GGP73AZM3CMLDLXUDVR2NIULL3M7SORSI4N7DFIOZTVL62UOVSQUTZYEA4,793119194,Folks Finance - DISPENSER,0,Folks Finance,DeFi
EPYLSPIP3OOKRBFFWKZJWDSPGCYEKUPYBB677GWC2TFYTMU6QP3JZ7OMOQ,793119270,Folks Finance - DISTRIBUTOR G4,0,Folks Finance,DeFi
P4B56R5KSYUL6KG5KY5LJQHRWYNQIGVCUM2AVUVERCOGDTCW77QHY7ALWU,1247053569,Folks Finance - EURS,0,Folks Finance,DeFi
YVIEGXMJYLVJPVHDU4W6VPKRLVTNR66FLFV54AGJ3KXTAW4FIDJOYUMCXM,971370097,Folks Finance - gALGO,0,Folks Finance,DeFi
ZRHVNZX65H4FQPD52IIUF7CSLX45D5FD7IYEFEYR4JFPFFI4XD74JMGN4I,794055220,Folks Finance - gALGO (Pool),0,Folks Finance,DeFi
OOQXOIN4RSNF6KHYTEEAYJ33R4F6GI5D5L2XMFPP2PBKNDQAP5ILMZIKE4,694464549,Folks Finance - gALGO3 (Pool),0,Folks Finance,DeFi
RDOPB7VY2JLIQRZGZFLZXH2ZL4BJMYXNVH5DCKGQOZ3PDISHEWD4YHFIUY,1060585819,Folks Finance - Gard,0,Folks Finance,DeFi
TO56M4DLPYEHBWGFOTG55EE7CNQCJ7RYZECTWY4G7XG6LGHGPXCV4CI7MM,971373361,Folks Finance - goBTC,0,Folks Finance,DeFi
GE5UOI4HKMMEEV2Q4X2OOTOOMBI7XCYROUZ5RDQEUC5WJ62NXNTB3NVVOM,686501760,Folks Finance - goBTC (Pool),0,Folks Finance,DeFi
K7YFSWYVGRDACX47D7DWJSX7XCE2WB4XCD2P7WIA4FTP7HP5WUTV73TXAY,686876641,Folks Finance - goBTC (Rewards aggregator),0,Folks Finance,DeFi
3DSRBNSMEK7RR7M7SWRIK5QWGITNM7ZFUJOPPGWM3NPOPO4EQRHRSUXHL4,971373611,Folks Finance - goETH,0,Folks Finance,DeFi
7LPNIZUPBUUSIEJ5GLYUAYOUQ4RH2K3AEPKVM7RAXHPVVKB447WELWJWRA,694405065,Folks Finance - goETH (Pool),0,Folks Finance,DeFi
SL4EXCFKWAFLKAAH2IT6B76NUTRBR7TTRWI2QDKQKZL46ZSWKT76RWEHRU,696044550,Folks Finance - goETH (Rewards aggregator),0,Folks Finance,DeFi
FXSTEOMHRWW6N5K3KF3UU2I2QABPKRVV2NRIO5WMRCG46AHIW6YWKRJI7Y,1258515734,Folks Finance - GOLD,0,Folks Finance,DeFi
TPVTRTR5PVEEBBZ7TWWL63KMY2M7UFGKFAJGDLUOBEJZV7QMVYSGZIGYEM,991196662,Folks Finance - Gov 6 gALGO Distribution,0,Folks Finance,DeFi
BMGLOOLLJUWLZGFGOK4JHGU54QC4XC6V247B3WJ55PLMMX337QHAEH7UVA,1073098885,Folks Finance - Gov 7 gALGO Distribution,0,Folks Finance,DeFi
7PLF33BQ4NTWUVKI5D7EX3IE2URAF3RBL6VXUDNHVVECVLWULEIVH5FYZU,1136393919,Folks Finance - Gov 8 gALGO Distributor,0,Folks Finance,DeFi
CHVDA4JNRLXW4HIEQZZF2XBTUMACUS6QZEJCPYNJFKSNAWZOYLHYPY2OVE,1200551652,Folks Finance - Gov 9 gALGO Distributor,0,Folks Finance,DeFi
VMRS35QRC5UVI5ZLGEDWFJX3464EBFRLD72NNJ2P34IWICCRBOG3YB2JX4,1044267181,Folks Finance - OPUL,0,Folks Finance,DeFi
ZPC33CGUNQW4TTCMPYFXPGP6PMDKZJ3TR6ICACJS3A5YMKB5VBIBKYTIJ4,751285119,Folks Finance - PLANET (Pool),0,Folks Finance,DeFi
HYYGKR7SHCMONUVAFYNLT4LZ5DFFN4MWVFRPBQXLYIPRAYHJ7QUSBCQPYI,752770929,Folks Finance - Planets (Rewards aggregator),0,Folks Finance,DeFi
JK4OF7KFXTH4FPXM7WJP2QR7PS5OCTO64SPCSDQCVRS3OZXPCCE5ZAVKP4,1258524099,Folks Finance - Silver,0,Folks Finance,DeFi
MIHR7TQMMH2J6Q7PFQQEP7AAPVWPGNMPDKI2WDYDTM5P3RNKPD6X4UXG6E,971372237,Folks Finance - USDC,0,Folks Finance,DeFi
ILER7WB5L46KQ5XV4QXT2WLWV4OOVDKSOEK6PSJ5YQYNQ6ZFRM2SJH54UY,686500029,Folks Finance - USDC (Pool),0,Folks Finance,DeFi
SMHUNGT75EDNXDTXYHOPQFB3N7N7EZJ5OM2P2IW2ZURGFST5SZWGAGRGXY,686862190,Folks Finance - USDC (Rewards aggregator),0,Folks Finance,DeFi
CJJ2X6KXY3TRMUMIKSVPHQSU4OR4GXFP32GI3XNHUJMSICP4R55PIEEUZI,805843312,Folks Finance - USDC/gALGO TMP1.1 (Pool),0,Folks Finance,DeFi
BHHVWZAEMXUQZ7K5YL5XGVFQXGT7UVGOAQ2BDEVZ4NHSCOY7ZSGOM6HO24,776176449,Folks Finance - USDC/USDt PLP (Pool),0,Folks Finance,DeFi
RZ7PKNCIBQFSMDZ77LPGFK5CSL4OGVHAXZV6KXCQ4VV657TBRGNFAZ72NQ,776179559,Folks Finance - USDC/USDt TMP1.1 (Pool),0,Folks Finance,DeFi
HONE5UB5XL2AKARPJ2FBJMEQ3KD2JRNZQ4MTVXWIWTIC6JDNE6QW2TXVKU,971372700,Folks Finance - USDT,0,Folks Finance,DeFi
CO73GSVE53EEHFAKFTVKIJKKYZ52SJ24EJUKCH5ZUMHVIQYLAT7W5QQ2Y4,686500844,Folks Finance - USDt (Pool),0,Folks Finance,DeFi
SQ7E7FKAZ4GC6U2R5TWJGZM5CIYOUWD2L5CGAXPJCY2CJ3YERKYOMKQRCI,686875498,Folks Finance - USDt (Rewards aggregator),0,Folks Finance,DeFi
7A5PQOCMKDSUV63TUTOX3BMSJK44HH3UCT3YATBF33J6O4IRE7NLEWZ6AI,1166977433,Folks Finance - WAVAX,0,Folks Finance,DeFi
BV3EU3GIX26XJBF6AX5OC2HJJ5F2OJNQC7M3Y6DGQKPVURPRCHXBEE2OJM,1067289273,Folks Finance - WBTC,0,Folks Finance,DeFi
EHC6W75UHDUB5AHFIKMRDV7LEF77GCMONME5QLNRJWOJB7NGPYZBTT556Q,1067289481,Folks Finance - WETH,0,Folks Finance,DeFi
S5OOT4RBI3ICPLZFPDTJGLWOJPK3CSX4SRCRQ7FUU3RAY5DVNUXJ3MH7NE,1216434571,Folks Finance - WLINK,0,Folks Finance,DeFi
G7DYFK6XGZEWCEMEQPTC6SYIVEIZPFXFGOKRIXO523JQZHYFD7IHM3YLIQ,1166982094,Folks Finance - WMPL,0,Folks Finance,DeFi
XYW235QHOM46UQN4XIL5CRUZLCYVUYHIOJN77D6ELREPLORTRXM2ZSBKUI,1166980669,Folks Finance - WSOL,0,Folks Finance,DeFi
4MBB6O7EV2ZRIUKJT47B2NJ2BQPNJ3BQEQBPA7UN7MXWRG7U4OMPP6VOTY,1134695678,Folks Finance - xALGO Distributor,0,Folks Finance,DeFi
BZLK62AUHRSN5QJK2TFEN6WABGRI53YQOYHAE2KMIPNKM6G3G5JLZQ3RAE,971389489,Folks Finance Lending V2 - ALGO Efficiency,0,Folks Finance,DeFi
6VHIYVR7WV7Q6NL4GO43E3WVXXZMURG6XQWYOTOZNCI2X76OBC6ZG6SE2A,971388781,Folks Finance Lending V2 - General,0,Folks Finance,DeFi
QCSDP75M66M4LOFCLPRNARG7O3WG4ZMSOVKUJ7LQFYWXG2VPYSIERN5NEI,971388977,Folks Finance Lending V2 - Stablecoins,0,Folks Finance,DeFi
ATPVJYGEGP5H6GCZ4T6CG4PK7LH5OMWXHLXZHDPGO7RO6T3EHWTF6UUY6E,,FRY Foundation,0,FRY Foundation,
HXWYLLZDPTM5OXS3DPARMTG52RSBMMCQNKT4L2LZRRXYPNAWJBT6VIW6WU,,FRY Foundation,0,FRY Foundation,
CXQSEFC6AWYM3PN2DD2ORU33JIUZCN5J4H7ZOJJUKG5Z5XTS7UENTGONII,1016649918,FRY Foundation,0,FRY Foundation,
MO3FUXGKGZRTVYOSCXR3FXMPZQCZHR2BGGT2B5SINVBA3W6YCZNO25GGLM,1274953254,FRY Foundation,0,FRY Foundation,
F7WUVMKKXK2JPHELWTKKS2ZKALCPCL2QM3I5CPUGBWIEPP6REI2M5XJBHA,,furplast.algo,0,furplast.algo,
BVMEUTF37WNEQ6GYCZISRFHGLEMOKT5OCPPTTJXVED6JBSXKF6YJJRZRI4,,Gate.io,1,Gate.io,CEX
7BL55CRKRASIQI263JQ5H5A4JJQFSHL7RWXMCKM6YDZAIJVEZQ76SXF2S4,,Gate.io,1,Gate.io,CEX
GEMZXQL2G6L6KTEQLW6CO3LI45LT2CAVBWJKWL3Z76VO4753J4NM5IVME4,,gems.algo,0,gems.algo,
D7B6GOX255O34GYT6U7U7A35TL3CXZDFVGJETPXOWP6HEKJP2KMOD6JE7Q,,getinthere.algo,0,getinthere.algo,
GHOSTX6EMDUJOOPYARZP3IXUAYCGSPSAK6PPBQ2D3LSF76FNO76OBBWYVA,,ghostt.algo,0,ghostt.algo,
6BFBZWZTL23IHAW5KH4L2SP42XRJ74DXYKBRE6ERTKP3XLQTOQQEOXL5CU,,gmt.algo,0,gmt.algo,
2K24MUDRJPOOZBUTE5WW44WCZZUPVWNYWVWG4Z2Z2ZZVCYJPVDWRVHVJEQ,,Governance Rewards Pool Period 11,0,Governance Rewards Pool Period 11,
5GPWAOJJC45WCM5QBMRW5F53MTDVAFJDIDNF2YMTI7EN5YUQMLFJLKSKUM,,Governance Rewards Pool Period 12,0,Governance Rewards Pool Period 12,
MSKLOFMIIZYMSOEZAK6ZCCHZ36WXZTPVSIQKQMQQ7O6RJ4JY2PDYXUJRFI,,Gunny Games,0,Gunny Games,
REITKKAF6X2J3Y324VTBLRRZXFJVIQ7OUXTTJZWE5O4GZHB5LGF2VNPAWQ,,Gunny Games,0,Gunny Games,
WSZFLDABHF5XWY45VQJAOS47CNSQLBIDMZCGD2SHLVOWB4DYZQITDMC3AI,1175870687,Gunny Games,0,Gunny Games,
EZZBMN6SZILR63C5LHKBMZAWUF2AUEEMPRYTMY5QJA7DYLYJRMXLG7PBGA,,Hacker_OLD_MYALGO,0,Hacker_OLD_MYALGO,
VAKTVV7FPWKMTRFKQPBPSJ7TSLDCMRZQYKBYMEXS674TTETEUCT7PEGUJU,,heavenew.algo,0,heavenew.algo,
DUM3VQK3X6BJIG63HH7VWVMTKVIASFASOBDLD3NIO6ZHKLFOW45IPJFI7E,,Hesab Pay,0,Hesab Pay,
OM6MRCKILRNNBYSSM3NHOQVRCX4EKF3YMA4EKHIGYWAV553Y57ZO2B7EFM,,Hesab Pay,0,Hesab Pay,
FENZ66QYL3IO4A2V2VOGHYHMY3SQZNY35I57QZKRF3ZO62XZIHX7AKQCDI,,higgs.algo,0,higgs.algo,
AXZJMJVPKJRA5Y7JOEEOYRXEMK6HP27B46MEZPP7Q7ACE2D6NV72NENBKE,,Hotbit,1,Hotbit,CEX
XLQRQIOWAJRL22CVSFM2UNV4TG3BPQVQLPZ2J2S7J2IQ3EFT2YHILJ7VTA,,Hotbit,1,Hotbit,CEX
CGK7RV7AGI4ZZRO7DE6WRKODDQ34NZS25ALU6BO6QZO77UAC4G7AGXXDCA,848787576,HUMBLE LP - BD/HMBL2LT,0,HumbleSwap,DeFi
V767MQUUDP7MTTODSI3QIHVRZ2ESECWOX2XBP2JU5DRQ6VZQ5EUMBYD7WY,785782947,HumbleSwap - ALGO/$Drakk Liquidity Pool,0,HumbleSwap,DeFi
3HWQYPAHRVOSZAZWWMXEDYRTLIEENOH7GUMQUCUFR5WO7OEVGBLGO2MIVQ,780420235,HumbleSwap - ALGO/ADAO Liquidity Pool,0,HumbleSwap,DeFi
IR2DLA2AKAHE2BLKTQT77R2ISHDHHJ5E7SZDTH2VZMO7IVK5IQMS2U2A6Y,784327548,HumbleSwap - ALGO/ADAO LP Yield Farm,0,HumbleSwap,DeFi
A7ZFKKWXOS3FVUABDH7HK4P6ED4MF2IBOCTRM3XD3MXQPDUORGYTNO3XPI,792015446,HumbleSwap - ALGO/ADVENTUR Liquidity Pool,0,HumbleSwap,DeFi
EFMLSLOBMMYNZ266DECIODD4LORIQQHIF63RBPOOVYPWJDW2T65T7LYQCM,805959700,HumbleSwap - ALGO/Aims Liquidity Pool,0,HumbleSwap,DeFi
YMV2DOZNRKISJ46BQITC5ICHLEA5L2SYEGZEHDKBCNLR4OLQUBNW4Q4W3M,783345603,HumbleSwap - ALGO/AKTA Liquidity Pool,0,HumbleSwap,DeFi
X5IP2POFOMYNPGTE6HIMZOIIJPLEWZBVZZU3D5BZ45LUROXD6GYNCN55KM,779144473,HumbleSwap - ALGO/ALCH Liquidity Pool,0,HumbleSwap,DeFi
H5M4QTPQNKHOPKBMOIYUTVLSGMOSBFNIJUQNYBWRGJB3GSD4ASS5DEICUY,784191608,HumbleSwap - ALGO/ALCH LP Yield Farm,0,HumbleSwap,DeFi
XQGSVBLKKRZHMAINRJXSG362X5JGDOGGE2SV6GYFQV4EWVVRMWPNIE3X3Y,810058782,HumbleSwap - ALGO/Angels of Ares Liquidity Pool,0,HumbleSwap,DeFi
PC3PGJHIBN7LIDYNSBWWTOTBA6TE6HX3WLSYHDJZ6LNJW2YNDD2OIH2LRM,817459914,HumbleSwap - ALGO/ASA Portfolio Liquidity Pool,0,HumbleSwap,DeFi
IQOXS47KHGTVUACFIPK4XGKWT2TSVAOWKOACI7SESI3EDS3XUPHO3JUYZE,810996104,HumbleSwap - ALGO/ASA Stats Liquidity Pool,0,HumbleSwap,DeFi
MYPMY76WKTVZX7AHUELLEK4MKGYRZAGC7H4FJIHPMB5XC4UM7XFGYV77A4,810991930,HumbleSwap - ALGO/Block Liquidity Pool,0,HumbleSwap,DeFi
JBASANS3RF765PDVP56XFLQAUEBMN3OSGKBPO6CNQW75TNQHFR42NYOB7U,805202737,HumbleSwap - ALGO/BOARD Liquidity Pool,0,HumbleSwap,DeFi
BK625VI6I32OKPXLWQRTFP5D4J7XOT6VRZX63AN2TG4BQ2WPL4FWPTLEUU,773172535,HumbleSwap - ALGO/chip Liquidity Pool,0,HumbleSwap,DeFi
7ZINJGHGLZXILSXUHHKPEBK75LMIWLRO3Q5QQQG2ZFUFDHIINQCQ3DL5YU,785102116,HumbleSwap - ALGO/chip LP Yield Farm,0,HumbleSwap,DeFi
UMRAGTOTI5UQS4CHJTMW4KOKE7YTWQGZ6WZHXEYMWBNKIGQ3VPPBHY3BDA,777878364,HumbleSwap - ALGO/comand Liquidity Pool,0,HumbleSwap,DeFi
B7INK7L2P6AHQDJMIWYKUDSJRCGRMAK2JO6FQDP4OCP5DWIY3LY3P2ZJA4,779146836,HumbleSwap - ALGO/COSG Liquidity Pool,0,HumbleSwap,DeFi
BOLNWZO4ZQG4252LWKA2KFG7W7UF5SAORRCLBVEU5NO374CZUCHNXXBOII,780019724,HumbleSwap - ALGO/CURATOR Liquidity Pool,0,HumbleSwap,DeFi
L3U7UILQI7C6452LVSYTXSVHFN4HRSD572HWKG2K362U4YT2W7CXNBB3OQ,780975511,HumbleSwap - ALGO/CZN Liquidity Pool,0,HumbleSwap,DeFi
KEDBG5PVK4MC7P4HN5Z3K6XP6F6HPT43EXZS7KJTRIB6LYATR2OBDTWDYY,778031658,HumbleSwap - ALGO/DEFLY Liquidity Pool,0,HumbleSwap,DeFi
GVI4Q4KANFYGRDU6FIV46YQ3P7S43YKU562CZST3IKWEEQPDZNTJ5EJSPE,783997575,HumbleSwap - ALGO/DEFLY LP Yield Farm,0,HumbleSwap,DeFi
VXN2A7W2YDOLVXQQWVE2HDW6XEXI6QIGMAE7H5QPL62RRBMFKSTSW4M7PA,777736409,HumbleSwap - ALGO/FAME Liquidity Pool,0,HumbleSwap,DeFi
A4MGONBGSMEAAYNV5IGCJCXDIEVZJRLXO5FXIHMHTNNGX56F42GNY57QLE,805140967,HumbleSwap - ALGO/gALGO Liquidity Pool,0,HumbleSwap,DeFi
HSKYMKWHLRQWQEBJUFB7QLCRJVY5WB6GT462NSVIXD3MQFQNWS2QYFXNMI,790440838,HumbleSwap - ALGO/GARD Liquidity Pool,0,HumbleSwap,DeFi
NLQTIJEHFQLT26B4UVNJQZS2D2NUHWGUMVVUNROXEQAJ3GRHJPC3JTWVTE,779148387,HumbleSwap - ALGO/GEMS Liquidity Pool,0,HumbleSwap,DeFi
OTGBGMAZUTHHLCEMI546XVWUH42BFBVOIAT5VMWDDC5SZVBMJWT4HSHIOY,784331195,HumbleSwap - ALGO/GEMS LP Yield Farm,0,HumbleSwap,DeFi
FZWNXLK3C3MRUF75JA3QXXJV6WGQ5GXCO5IG22W2RBET3B4ZUEKSRQEI5U,810072531,HumbleSwap - ALGO/GHOST Liquidity Pool,0,HumbleSwap,DeFi
HGXCYT22BR2HYIWXMA4TU6FC65HYK32N4RXT6GWPUB7OPK5YZY3KY7IHJI,777662431,HumbleSwap - ALGO/goBTC Liquidity Pool,0,HumbleSwap,DeFi
QEEYEWRPJOUUYRUXUWT26QRWZ6QJBRJHFWDKJW6QZCLRPBNZ2UIVUG65LQ,777657671,HumbleSwap - ALGO/goETH Liquidity Pool,0,HumbleSwap,DeFi
7CAGR4POFHOABT4L4GUBTO3TPVSQZJ2H6PY5VOAR7JW4UFIA4R5VLWTBBM,779142716,HumbleSwap - ALGO/goMINT Liquidity Pool,0,HumbleSwap,DeFi
LRWEDSLFT5YZ2OPCFJAM5U253VCQXTSYDKKGNMU5Q6I2TMZ2FFAMJLOR3I,784536240,HumbleSwap - ALGO/goMINT LP Yield Farm,0,HumbleSwap,DeFi
I3DMQXH5ANPQUYINAQ7H4VOGVWEC7SF4CST67QDLIB5X5R6G6MDGQW2UO4,783216201,HumbleSwap - ALGO/HDL Liquidity Pool,0,HumbleSwap,DeFi
S7TLC3OJZP4HVFOGM2IL3JECTXC7VLUHD6AYRR2PYM4O6PRZBBZENSYZMU,783228175,HumbleSwap - ALGO/HDL LP Yield Farm,0,HumbleSwap,DeFi
KKM2UWJ7IQRSI3XIGDSKUBZL72APRZ45LUEDKV3XU4TAGJLZTK6LZDMGSY,779712918,HumbleSwap - ALGO/KBX Liquidity Pool,0,HumbleSwap,DeFi
WIDACSEZN56CE35EP2TJEO4J6WQPCHF4AYLI3TCG54A56S5QDDWG2NU4KE,802880767,HumbleSwap - ALGO/LOX Liquidity Pool,0,HumbleSwap,DeFi
A3TL2ATXLAYUGLT6A2O2ZOOUU2KIEBDXTVU3KPDWAZPRQWM7ZCAC47EF7A,784577700,HumbleSwap - ALGO/LTBX Liquidity Pool,0,HumbleSwap,DeFi
AST3J4RDWRAEKXPXHTZAIOUQYDXMRKVGMUPVQ5J5ZK4PB7NDIJM7LRZRUQ,794422646,HumbleSwap - ALGO/MOIST Liquidity Pool,0,HumbleSwap,DeFi
QTX37E4HC5JADIQ22BML7DLSSCISUO2CRBT6FW5AQBVIWVNYFW3ABP7NUA,777643671,HumbleSwap - ALGO/OPUL Liquidity Pool,0,HumbleSwap,DeFi
Y46GGJN4KCXIOISNOBCOFPCLPYQM3HBAZYLMMOWGWSHKM5GBIELURZHEWA,789897919,HumbleSwap - ALGO/Paro Liquidity Pool,0,HumbleSwap,DeFi
J47VEAAE7SBTSBGVGK7PVFWKVEJJRNW4ML2IDK6RVH4CCXKYFO6DXTAGAQ,787300124,HumbleSwap - ALGO/Planets Liquidity Pool,0,HumbleSwap,DeFi
XHFJ5ETYHGGUX537GLNWRCGY4GM4HYAF27F2OH2J35QLQDTYDKISZOZ6KA,796188450,HumbleSwap - ALGO/Planets Liquidity Pool,0,HumbleSwap,DeFi
OBAGATGNZ6JIFABHDHF6ZTIYT5V76VPU7EZ6I4KKHMN6CHT43VKI4DUAZM,818602187,HumbleSwap - ALGO/Plug Ugly Coin Liquidity Pool,0,HumbleSwap,DeFi
H5LQNCUCMN3POSWK2GLS4RUAXMLMOQGOGTK5HBZQ4RFTMWZ4YPE772S2J4,778051470,HumbleSwap - ALGO/RDINI Liquidity Pool,0,HumbleSwap,DeFi
ALBLY6HJJ5KYA62RATXWEONKPIEI2DQYZ7XTHBVSKXOUZOKRAP5V3QEG5A,798217167,HumbleSwap - ALGO/RIO Liquidity Pool,0,HumbleSwap,DeFi
L2COD2E3AVQZQINOPLKCZOA2CKWCUY5U4OYSZTJXRP5RFJ467SW6EJAQDM,805234207,HumbleSwap - ALGO/SCOUT Liquidity Pool,0,HumbleSwap,DeFi
RR7ZMEPRJC3M2JC7YWSLRGLEYYGPEYDMPWRKI52QT22UCY3B6G6UAPH47E,779149552,HumbleSwap - ALGO/SMILE Liquidity Pool,0,HumbleSwap,DeFi
ZT4JJIMF275EKPKEHY2FK3GR4PHAKOFLKCADK67CNTXCITYYDEOV6ZHUZM,784317910,HumbleSwap - ALGO/SMILE LP Yield Farm,0,HumbleSwap,DeFi
2RFT2Q4IVNKBR54MF3WUVNSN3LCKT6SH2Y3333UZPOZSYPIMSU6VMVZDCA,781760847,HumbleSwap - ALGO/STBL Liquidity Pool,0,HumbleSwap,DeFi
GRB5LAF4BT6JSGKQYJ4NXKFMNYTNOCZUMTGYUE6L4VMGMDBNZBDMWES3WI,779141178,HumbleSwap - ALGO/STKE Liquidity Pool,0,HumbleSwap,DeFi
G7IG3IAMIQ5LMFUGDCGTIDFLYAUU2CGFZZX5P56BZIV6VAPNXJ5MMDCLLI,779655316,HumbleSwap - ALGO/Tacos Liquidity Pool,0,HumbleSwap,DeFi
RT3QLHPGH4D76XJLTHUMFFIBHZ7CSH3CYQKYLQRT3Z4KX35EOVB5XVFHZU,789941730,HumbleSwap - ALGO/TMPOOL11 Liquidity Pool,0,HumbleSwap,DeFi
SVZS7Q7QMVHZONDHZJHR4564VTMEX3OQ5DSYBWKR5FJFTPZLVG3EZIWC34,777628254,HumbleSwap - ALGO/USDC Liquidity Pool,0,HumbleSwap,DeFi
SL2TVG3KHWY6T6FFT4C4WE7GLLGXK7B6R7VDZW5MUZNZKDY4CZR4WNIWHI,784293419,HumbleSwap - ALGO/USDC LP Yield Farm,0,HumbleSwap,DeFi
UXCJORFWJBXMK46HDXRKRIA5546AWFIW4KSQ6TLCUGIK2M5RQWGS2TMDUQ,777639704,HumbleSwap - ALGO/USDt Liquidity Pool,0,HumbleSwap,DeFi
3L34ZPBJLTOSIPU4RDQD6MOKAF2B74RV465JRZ73NXGSQ7LXO5LIKWUU3M,777747637,HumbleSwap - ALGO/VEST Liquidity Pool,0,HumbleSwap,DeFi
SNKBEP2ULYUO5ZJJELBJR6I5CDVKKOUPZCSMCDEYHUZIBS5V5JD6ABLIFY,784136787,HumbleSwap - ALGO/VEST LP Yield Farm,0,HumbleSwap,DeFi
L5QWZSOR2KQXKDZNDKWOAYPTJFCGX3CG26PZ6SWZ5ZJ62OAOEEVDGWHRJ4,777673635,HumbleSwap - ALGO/WBLN Liquidity Pool,0,HumbleSwap,DeFi
KTM6SS3RGEBGM7QRCN2D7RL3U73RCROPF75J3M4MZQXI7QPRECFVYNHROE,785546287,HumbleSwap - ALGO/WBLN LP Yield Farm,0,HumbleSwap,DeFi
IBNWMU3RCSUSGHCE3RAFVQNW3UM7RWU4576YEYWZ6GZMAAGBKOT2AQILZ4,805930289,HumbleSwap - ALGO/Wormhole Liquidity Pool,0,HumbleSwap,DeFi
VUXC6IWWPNBNJPHQPQ5AHPHY7W2B5NAER2IHZUZ5344YDJ63FSICZ7BKDQ,780434326,HumbleSwap - ALGO/XET Liquidity Pool,0,HumbleSwap,DeFi
YFUTYXX7IEHCIPVANYOJGDQMDDVWX4UAFMPZ4IH3GCG63JUFIKACLAJKI4,785099755,HumbleSwap - ALGO/XET LP Yield Farm,0,HumbleSwap,DeFi
N64C4XBNSVHGPLNZ6WUH43NMA2LY676R3LLELWRLIR52FAH3FBRAAZL6HM,811067896,HumbleSwap - ALGO/Xoge Liquidity Pool,0,HumbleSwap,DeFi
KJWFHT3BAKMRNMYVZ5UDJSIWT5ONEZQXLLGWSUMQHXNRQUYIYPB6X4WCIU,777623301,HumbleSwap - ALGO/YLDY Liquidity Pool,0,HumbleSwap,DeFi
C7RNNRYS22XTYTW2YNNB5EHCSI2ENH4DAUSDDJL27R5NMEIJ3U6KYUFH4E,786786367,HumbleSwap - goBTC/CZN Liquidity Pool,0,HumbleSwap,DeFi
Z4MBQC2JEOGS7CAVJTASVORISABS2K7J2R6RJ55L7XEY2UY2UUMIBM4BP4,789917736,HumbleSwap - Paro/KITSU Liquidity Pool,0,HumbleSwap,DeFi
XQYRMN65UNCGOREMBC7PPPDQNCYKSAK5BKW5FQULE7SG6GTF5BTGP4T6PE,800566087,HumbleSwap - Planets/PWCREDIT Liquidity Pool,0,HumbleSwap,DeFi
RKUC34RZOMK26ZOD4J2OFY3UILORX5AAMIX24L5MWAUUF6DVJVBJYQSABQ,771884869,HumbleSwap - Protocol,0,HumbleSwap,DeFi
AHXDL7A7RUO3J374P2QSVHNLLP2BVZHVHTKYH26BEUXSILXUOWOSFWDLNI,777670234,HumbleSwap - TINY/HMBL1LT Liquidity Pool,0,HumbleSwap,DeFi
JJUVEODWMQZRM64JRJ25TUIHFAYLZB7SQTDHHMM6KZMW3SQ3FZY36TLSNU,771891102,HumbleSwap - USDC/USDt Liquidity Pool,0,HumbleSwap,DeFi
VIHQZSDUMBXWPT4YAMWDR4A6BJFCLUGJRKCP2COUEN2XI2ZCSMLYGCU7JM,,Huobi,1,Hotbit,CEX
A2XRB4B46ZMGGU5OT7XUXO3C7XHELBXCLNMAWA442YFERNTP6623EC5UGE,812198094,IceVolt ICE-USDC LP,0,IceVolt,DeFi
KHSDJOQBK4DYR6R3V7HARG2DFVETNSQ26KHQJDA2HGDGKD2S3QCWQ3ULVY,,Immersive,0,Immersive,
UAKUGWMTFQJLUWMY4DYLVVAC67NOLUGGW6MIVAIPUU2APLTAKWSCQAJIEM,2174001591,Immersive,0,Immersive,
AXKCE4MXLRGFTUBQY7PMQDBIDNNFRKBERZN2RCYL7RMH6NAEX5SWAERFYY,,Indodax,1,Indodax,CEX
U3J33S66FD33YEP7RQFCBHY7SBTZQFKEDHEADDCRCLFPYQ6HZTZ4O63WMM,,jackcrypto.algo,0,jackcrypto.algo,
7RYK4G74HV7PYF6AQOY2FKJ2UFZURQFSVUARSMF273LIF5E5WV56EFYWIE,,Koibanx,0,Koibanx,RWA
ESK42OHAQIX2JUUMRBD56QF47PTXD3VYIB3RH6WEJLNPM6OUTNCUY5A4QI,1076948360,Koibanx,0,Koibanx,RWA
OOOFAW4KOQXXYWRAK7PRW5CJRAJK2G6CLGRZ4I7UUI2RZAROK5JMPBKOQM,,Korbit,1,Korbit,CEX
TUWEGKET4EGUK6HNPTTRVVV5HHR4A7GGN2PD5ZX5HN2NWIF56YTQWQ4EZQ,,Korbit,1,Korbit,CEX
MCYCCS4D2RMHF2ZU3ZGTI4VZQVMBNXUOEKNDME2SZJYI7KOXTLJSZMY2DA,,Korbit,1,Korbit,CEX
6L63JKTLVR7I5S6R6LSXSGPTZ6XAQEDXTH4V5CJXDGCXBTDJJYAUFBIRPE,,Korbit,1,Korbit,CEX
IVBHJFHZWPXRX2EA7AH7Y4UTTBO2AK73XI65OIXDEAEN7VO2IHWXKOKOVM,,Kraken,1,Kraken,CEX
3CIPOIS4KLKSA3XOCIRKX2TVUJ2V3F5A4P525VGMFCPGN7QFKDDYUABYOY,,Kucoin,1,Kucoin,CEX
RDKDV7CVOXLHO2OXBJCSLFDNJBTENDVT3LMFRYTZS7EKIAMAXZKBL42KHA,,Kucoin,1,Kucoin,CEX
YXDKDH5XHXL6OYMH2HYCJCXOZWPOBEUNK5ICFVJRFW3JVQXZ6HQ6QPVQVA,,KuCoin 1,1,Kucoin,CEX; Verified
2LLRSQD7AG7YYHEVCXRUFTAEGXSQHIFXMPD2SEYRABU5ZUWSHV5AH6X5IU,,Labtrace,0,Labtrace,
A6BXXOCWX22LMUVSC26QEIM5R5SEKKJRPYN7GR5BHVZSLH4FWXPX6ENHJA,,Lavazza France,0,Lavazza France,
XMP53MUN4CPNUAPKEWKC2SJ65YHSPJPHABZBJP7TYLXJ6FFYBXIEGPJWIM,,LBank,0,LBank,
DCNMIE63YBFOV3NYPM434PM444CY23KSBYUUFQQVDTPDBOIDN5ESKCQL5M,,LBank,0,LBank,
VH4JT2U5PX7X5M5YFDBDRFGDVTO53UEYXLUNYWITUOF5DOTH4DJQGEGXCE,,LBank,0,LBank,
LOFTYRITC3QUX6TVQBGT3BARKWAZDEB2TTJWYQMH6YITKNH7IOMWRLC7SA,,LOFTY,0,LOFTY,RWA
LFTYNHQEOZYYIFFLPA246HYX3ZIPZHDL3GZTHHKQVJB6DQGHF2ZMB5QEEU,,LOFTY,0,LOFTY,RWA
U7IRVDFGBFP37GXHFE676WPE2TZ5ZNTYWX6M6HRIUZACKQTMD7K4GV7Z34,,LOFTY,0,LOFTY,RWA
LOFTYREFFMDGPUDAC2HHLIIUMPQNPGISB3SG2MNG33WYEVIMZVOAQ2CIKU,,LOFTY,0,LOFTY,RWA
AJZWAM4XIQVRAZY2A4NYRBNINDZCNQVFSJ67G23IUZ2SDDGHGXLBKF7ZLY,,LOFTY,0,LOFTY,RWA
YDYVLRLNZKOWGPARJVFMZLI4EFVXZD2A4ATNFW6AQEYLLP4AHFNBM7O3BU,,LOFTY-AMM,0,LOFTY-AMM,AMM
GTIACGSNOIBYYLZ75EY4UVCEAFPSXRERNICHODQQ5YUQEXUFVUV7GP2INE,,lukelove.algo,0,lukelove.algo,
DAWRS2OZ7IY5NULZZ7YR6J4JDSQOQ3QWO26RUJDV5KAPI2TQF7BEJCIPSE,,luxurydomains.algo,0,luxurydomains.algo,
L2TEQFN77G6KAJ7V2IQ7AESCKRVATURUQ6OKBANOPUUAGDZ5AUVMFRVP2A,,Malicious Account 1 Ã¢â€ºâ€ Ã¢Å¡Â ,0,Malicious Account 1 Ã¢â€ºâ€ Ã¢Å¡Â ,Malicious
Y4PLGV6T6ZSRSCMMQKG72TMBF2OPVLR5NG73YC7K7KB3OUYQGSIOZRKE6A,,Malicious Account 14 Ã¢â€ºâ€ Ã¢Å¡Â ,0,Malicious Account 14 Ã¢â€ºâ€ Ã¢Å¡Â ,Malicious
TISV5LJWVPNICGBMDIKU6C573YGARJGJSYTFSF75SQJQIKWSAMBRHJ5DDA,,Malicious Account 3 Ã¢â€ºâ€ Ã¢Å¡Â ,0,Malicious Account 3 Ã¢â€ºâ€ Ã¢Å¡Â ,Malicious
A6AVWEWRCA6YPV5IKW4KOABLTME5GEFSQJPDIWNCKCCLOY42GJOAO3P7NQ,,Malicious Account 4 Ã¢â€ºâ€ Ã¢Å¡Â ,0,Malicious Account 4 Ã¢â€ºâ€ Ã¢Å¡Â ,Malicious
2VGBRJ5AIDKOHYAGDSFNQCV45MEPYHSRIG7KEN3NOEJGTVTKEXA5MTSECY,,Malicious Account 5 Ã¢â€ºâ€ Ã¢Å¡Â ,0,Malicious Account 5 Ã¢â€ºâ€ Ã¢Å¡Â ,Malicious
5IOBNCTYH7AZCX2TBAQA7SABKE2RZJKCP7L4GXMFDYKDU2EOIUTK2BFFPE,,Malicious Account 6 Ã¢â€ºâ€ Ã¢Å¡Â ,0,Malicious Account 6 Ã¢â€ºâ€ Ã¢Å¡Â ,Malicious
DBA7Q3NZSD5DRJCWIXFJUI4EWWUTMUCLTYX37WVHY42T4K3U5X7O2ONIXY,,Malicious Account 7 Ã¢â€ºâ€ Ã¢Å¡Â ,0,Malicious Account 7 Ã¢â€ºâ€ Ã¢Å¡Â ,Malicious
OGRVZ5KZCNZB4LRCOBLGEYXKLDVWI4C3PVMV6KTV4DOVW5ROK6Q5IQ3EZU,896057431,MessinaOne,0,MessinaOne,
M3IAMWFYEIJWLWFIIOEDFOLGIVMEOB3F4I3CA4BIAHJENHUUSX63APOXXM,,MEXC,1,MEXC,CEX
ZY6BN6YYKBPQHRIWKJPAKUWUHITBZ5TMIURC7IXUJ7QM6VFRGDGA3QB7N4,,MEXO,1,MEXO,CEX
QB3QBPWWKVYJ5W5KFBAR6W5TCEUZ6FGRRNAROBZR4CGZ3ZDPZDNHJLSPBI,,michaeltchuang.algo,0,michaeltchuang.algo,
D7HQKALV5MANZY6RQFXSN5ZONMSOTGTLZTJJDEABZO4FUYTVZE5J76DRQA,,michaeltchuang.algo,0,michaeltchuang.algo,
MO23TSNBDBCRKSIZI5LETMQBTIOD4QF5MONXKBZXCNBODNVREDJ3MI6IZQ,,Milkomeda,0,Milkomeda,
E5Z75XH6TW3MNDHNU2CR73M3MN24I6VSJ5ZDZ6XNBBCMMHSRC2CXETKROE,,model.algo,0,model.algo,
I3RUY6AAYTOR64QZT6AEMDSDQQHPWNWFWETJBG3NZQLV6Q5QIMCN4WKNTQ,,mufc.algo,0,mufc.algo,
CMNXG7WWKGKWKU4PZASCYRSLFLS3BHKK7DMRXWK3AHXWVO6OALXV7HRKDU,,NeoMoon,0,NeoMoon,
ATBJFHENXPHD7RZHHDWHQVNW2AJJ4WJP6Z5OXRVKYYAEFIBDYSSLM7YUWY,,Netcoins,1,Netcoins,CEX
H2KE4AIZPIWHLSAMLQFUGRYTUFLGUA2FUM7CHTXNJ67LPOQ3F46TOSIQQM,,Netcoins,1,Netcoins,CEX
YNNIFIP46LBK5PGRWUSOABNIQDOFL2NRLPY6DNOUR4RD5MC4GTDJ4LAIQI,,Netcoins,1,Netcoins,CEX
IG6REVINPWZOUZAFL4JXWNPA7OTV7WOD7YHZWOEYADP5B2KQL27ITSWLYM,,Nexo,0,Nexo,
OXGBEREI4DRUVAKVNRHEY6OQN4N7XUV6SYV56DNRCQG63R5NLJELQTR7Y4,,Nexo,0,Nexo,
6EG4HCO66VEDKUPX7JDML2ZKHPA3UZXCIZQU7K5OVFOU4LOAOSNG6VXFLU,,Nexo,0,Nexo,
OMXLQTI5ZSMWTCIZA3O3YBW74BTCOI67SZTOEDHK3ZEDZ34Z3DEOQD4PW4,760937186,NFDomains Registry,0,NFD,
6ABLO2GCGA4F3A2TJEVZVR7A73HVIJ7NTQZHBVU42YGVDRCBZEA6IXUW7U,,Nobitex,1,Nobitex,CEX
WRGZ2OKNY45KAT2RSCSPKLLOOG4GSSMD7PX4YY7DPMRQMIK2YRBPP6CUMA,,Nobitex,1,Nobitex,CEX
LFLL27QB3GZCGP3C4OQW64PAHDHVS65TWL2L3XCUW5LRFJCPX75HXNMVXA,,node.dex0id.algo,0,node.dex0id.algo,
ALGONODEIBJTET5OSEAXIHDSIEG7C2DOFB2WDYLRZTXN3NXVJ3NJD26L4E,,nodely.algo,0,nodely.algo,
U3IY6ZWCMR4GKHU42JHGYGVNYEM7N4QMJIGMRGH6P4LWSCDGKJ3UMEXYUA,,north.algo,0,north.algo,
WRWOW5QXGYSZ47UJYTGRBO27KJP5WZSSOFKZCYA77S3HJKJTSW4K4E4TTY,,OkCoin,1,OkCoin,CEX
ZVMOZVZJK64NEYDPUDGGC52NI6HOX2LUQVIWYCQTJ2DFXRGPL72C2BQYNM,,Okx,1,OKX,CEX
33TEPJ2V7LVEUF5UJ4XZKTNJDZ2THE67TH7BRJKQZH6ZPKLPWKE4DWGMAI,,Okx 2,1,OKX,CEX
2KL44KVJYDDXANGC6BFZMIQYZBLJOHMST6R6FYYN5OUZBMYPOIHKUZF2ZQ,860154108,Optimum,0,Optimum,
I6AVUENYYJCIYONJCEYFSK3LNYUKASDLFQGGIKQDN3UU4DMIPPUEDB4CTA,996657780,Optimum Staking,0,Optimum,DeFi
TCATSLPRMSZM44OX2FQZX4FJQHU7VAZP2OKCEZN52LOGZGWGF7BYELKLPU,843061415,OPUL Staking Pool V1,0,OPUL Staking Pool,DeFi
PNMVIPL3KE3MXCYJSB2Z7H3TSYH4VELGOVVOHJQD6H2XY57DA4YPYVJZPY,1020347200,OPUL Staking Pool V3,0,Algofi,DeFi
FWWQWLM5S2U4DJPHV3AOSHM6G4RUEIF2ECUCZTCFXNCOCD4C6YUTRIRZBE,1127413236,OPUL Staking Pool V4,0,Algofi,DeFi
JP3ENKDQC2BOYRMLFGKBS7RB2IVNF7VNHCFHVTRNHOENRQ6R4UN7MCNXPI,1284326447,Orange,0,Orange,
L747MOJV43QCLY4HSWVPL2A5SW62IBLA5XPTI5R4HO32WVAWOO5OBCEP3A,620995314,PACT,0,PACT,
IWT4WOUKYQBCAO76UKWZ5E4CPIJVLBE5R3NX5QH3BXMTG34WU7ZCLJ4RVY,645869114,PACT,0,PACT,
MUGDC5IFPGEJQLZWYTDTBKPZMWQS6ALNJ7RKQT5CYASSGMKBE6VETMEDK4,661744776,PACT,0,PACT,
GX2RAYAGFF6G46645F2TM4OO53H3QDSGFQ5IWJP6IFWV3W4UYBO3OD2TUA,985089418,PACT,0,PACT,
JWOUUZ7YJJ42EHPRGW2NG64LZNUHNMWK7D5TE36GF6P6P2FXHGPZ42V2AE,1073557308,PACT,0,PACT,
AE7HTGGGWNZTWX2BYYI2MOUAHF4FNCD6EJN4TTHJ2VK73QHBTHWW2CBZTI,1073558654,PACT,0,PACT,
ZIIO3QT3B3RELZ3TJZ7NL6D56IZOA34WDLHKGKWW2BZTVBYFA3LRWGIN3Y,1074140605,PACT,0,PACT,
6JIKNEK57OG4VC3JRMNLEAVTR7CM5JVKCKXAOWA5DREVNI52L7744LMEHY,1074982809,PACT,0,PACT,
PNJP3RHDSCSZ7KNQ6LG3G2PFR6KQM6V6DTTZHDD3ZQXMIAI47UPR4VYQD4,1075389128,PACT,0,PACT,
Z53B6ZWEDEPO4VQSNL4UJ3EAILQFURPSEHQMTRNQ6HY4EHULKA5VFVUOIE,1076049166,PACT,0,PACT,
7232SY56OFCJZNIFDTFWKSBB56ENYT6BL2ZE7YJS53UDBPLXKHFWJQXCGM,1076332137,PACT,0,PACT,
UUN6S7HPNDPU4SXFNGWJD5D2NASF45LUY45F7YM3V673YFICEYPTQJMMZE,1078150949,PACT,0,PACT,
LZGN2HEKA45D5FW4AVEGP25J5TERAG52TT74I5354Y5RRA7GYTOPGS4QZE,1078150993,PACT,0,PACT,
J37TOUSP7IBRXENGPDEJC3OMXDKMY4OWZGDO46TAE3GPO3TOB6ONMDKGIU,1124031333,PACT,0,PACT,
UA5STOUUVGT3ARYUCBQKXBE6L3XONZL3MOP7AC3VXP5AQA6NI5OUBRJ6UU,1205810547,PACT,0,PACT,
P5IFX3UBXZJPDSLPT4TB4RYACD2XJ74XSNKCF7KMW3P7ZGN4RRE3C2T5WM,,Paribu,1,Paribu,CEX
HC7EHUHPNN6XDGQ5PPPKLJLWCCZXTYASQVCTDDEK7IRNUDJT7GVI3PNHPI,,passionate.algo,0,passionate.algo,
TEDYJ4OMVW4T3NBETXMTXN4SI52JBXHKCBGBQXD2JQ7OQNL3WSXSSN5OHY,879581695,Pazly,0,Pazly,
GVDYDJGOJRRUPDNTUOIZ7CNTMRMC33LY2ULRQBWBTSJSURXHEXIJHO5NHU,,Phemex,1,Phemex,CEX
QC7EZQEWHH4D7P4GG6EGIJIGG5E7ORURMMP5HFWUCN4ONT4LOQ7IVBCSNI,,Pionex,1,Pionex,CEX
ELTYSGAQGC7HGU56ZOCGSTZX3V7Z7Z5DHFKIRCLWTEWP5T3ZVLLNWQVWD4,,Pionex,1,Pionex,CEX
NOENFBPVMK24RFZDGE3ID4CJI3RT6PQ6JFJPKKKBA4EOHVVEEQF3Y2BZJI,971350278,Pool Manager App - Folks Finance,0,Folks Finance,APP
KQTPZEAX3UPTJWMUGZM7O7WV2DE24GTWJAXKUF2WEA3XRJL7ZTRC4GNXFE,708225498,Postmodern Protocol,0,Postmodern Protocol,
FICJGBANRGZTSCIGJFT6FVXP2RI4TFCNK57ZQGCKFRMRNSKF7ASTM7LFIE,,ProBit,1,ProBit,CEX
HIAP6GLZL5VZ2S73FQZHX3KHZGZQCNUZJCGPMK4Q6KISMB6UA3EKKYU3CQ,,Revolut,1,Revolut,CEX
LHCIKAW2ECELDV5UTNOMOQZ2HOK6LVXRYYGAZUJSTYUN7EJUCBZ32CHUKM,,Ripio,1,Ripio,CEX
OUMZ467QSOAFZJBQU6YZ2LT7WNHFCIBMHDR5R7VXH3LJJACK7CPJFDXSBY,,rkthurston.algo,0,rkthurston.algo,
AYMJJHXNX3DSEAKSGLQO5SPZ6OPKPXAEP3Y2MGDNQNO3K4OGZA4NYBOGSU,,rorytrotter.algo,0,rorytrotter.algo,
KUAUPDIGWFDS7YQ2EX4I75T6J4KE7XB4MJ5TLH3L5SPSVHFBCAQS2OQ5IA,,Scam,0,Scam,Malicious
3IUHRMWDKDSQGQ3XTEDPTUUI7FUF754N6I2DNLNAXFMHG73FLUMYDQ3KFQ,,scarface77.algo,0,scarface77.algo,
E5TS63JUYXQCJEOQYFR2IFMZTEZSZRIZ6XR52TY3BXC5W2YI4H7PLPBFLE,,shaddy.algo,0,shaddy.algo,
SKT7S64B2FJ4JNICRICS5VAR6MTSW42GR6L7JBBLUOAH77TU4OVLK75RPM,,Shitty Kittens,0,Shitty Kittens,
JKPBJ3WUCVJAJQSXKGZGZMRVA6VVSRZQUZRSGND5MQHSC53C57RFVESIRI,,slevenrand.algo,0,slevenrand.algo,
CG6YZHZJBN6CLU4BRTTYH5SKK3GJPZDG47SOWX2G2OU32UF4DEYFGPHBUU,,slimdogg6.algo,0,slimdogg6.algo,
PSZVZF2VOPT2NEXMSVHTURFM22GQ2QS7OAUYER3HTJJ7W5AJDTNHP2VUTM,823866235,Square Monster,0,Square,
FZZHGUPNB5V37576HBFA5AJMMGTOKVXWMLTXBEFMAXNUHQ7BGIEKAEJU2I,856198764,STBL2-ALGO Lending Pool Interface Contract,0,STBL LP,DeFi
IVYCXFDEADP7UAU3TOHGVVRGSFJC464SWB5V754FAPDCPASFQIZS7B4WUE,900930380,STBL2-BANK Lending Pool Interface Contract,0,Algofi,DeFi
YOCSL64NZM7PTRT6UDKINOHUIOIU2NPEOAM46DBGLGXWRUYHWOAVYLMMEY,870281048,STBL2-goBTC Lending Pool Interface Contract,0,Algofi,DeFi
H5GNVSG45QWAK5KA62I5MTQUNXC3C2VPOM6BJU4SI4ERAVV3SPFSIR64YE,870281567,STBL2-goETH Lending Pool Interface Contract,0,Algofi,DeFi
SQMSYWML7VPFXNNHX2EXKTKXCIOO5QFP3KGEQKD72V52654ALAKLFYIQWA,,stuart.algo,0,stuart.algo,
OHFOF4GBX2RLHOQBAMAECD662QPOIGODRDAXFSYQELLSPN4VHIVQ6ZUI7Y,,Superex,1,Superex,CEX
NSIVDOYUJCIYYC33XJABCZZNARSU6J6ZC5DPUOWIIFQQY4IIZIJTTEE4NY,,Term Pool Payments,0,Term Pool Payments,
2GZCKFYMOXIAQY7J6X5BUMZLQC54QOYCFAYMRBG77VLG2WWTIHJSD3CMDU,844654401,ThankYou,0,ThankYou,
AZWHLKEDGIZZLVZQY3EOBJ76ZHS6QCO5I7TBECYLSXGWMCUXIUK2LYXHCU,784340682,The Humble Swap Yield Farm for ALGO/STKE LP.,0,HumbleSwap,DeFi
OGB5PTIDWUQD7SJ5YKRQDJNIMHXO6H6XP3OZ52G4JZJ6ZNLLEDEL2NUL74,1385499515,Tinyman,0,Tinyman,AMM
V34RGCPO7ZOU2LUE2N54AGDUW3JLNGFBAPRVTJVAFVQTRHEXGKHJD6J35Q,1083651166,Tinyman,0,Tinyman,AMM
ZPFYBGEXQEO7EXNMN7WPR3LQQIN3WBHA5BOAQZASDRM4BBKPHAUNAZP47Y,350338509,Tinyman AMM,0,Tinyman,AMM
KGDZ3FJKPS333XU2CG3KGNALVQSVIQJ3KQN4LDMR5SHWACBFARIEU5KXU4,552635992,Tinyman AMM V1.1,0,Tinyman,AMM
XSKED5VKZZCSYNDWXZJI65JM2HP7HZFJWCOBIMOONKHTK5UVKENBNVDEYM,1002541853,Tinyman AMM V2,0,Tinyman,AMM
KMPK7KDCE2TPTY4YENSA6KQZ74NCSVMR5QDITM3MPGKIATGHGGP2EOA6GQ,649588853,Tinyman Staking,0,Tinyman,
ILYXSZTSTUPH76SNF5UYZLGAI2T6QH7UVML5TM47O5HEISMW4U7UABJI7E,,tomravensberg.algo,0,tomravensberg.algo,
52MVNW6FNW7L6W7IAKSROD5FYZGZNLVKT6WUWNUFEE3DT737RYIIL2YQ3Y,,TravelX,0,TravelX,RWA
5SFNTQF5WA7GWS5RQEDZRNQ22GTAPBTLGIQDOBKOSWVT7YOOVKHVMC4Q4U,,TravelX,0,TravelX,RWA
Y3FYQ6TGVPNHEUAGVHFR274PS7LT7ZUTDDK73UYLKXLRBCEBLEVO7Q3CJQ,,TravelX,0,TravelX,RWA
C2C3I3K45JDSYMGT722XGCIZ33ZOBFGMXAMWTNZNOZYMCVVY43YO53UVNQ,855331006,TravelX-APP,0,TravelX-APP,APP
QR4PG2ZMI4JJW6NTO24MXPVK22H5XOVRXILQFGWRZW6MRZMS3YDW2ZJO3Q,855339462,TravelX-APP,0,TravelX-APP,APP
VEEVUNUL6EYQR6ZX43WOTYBDHMQFT3QBD7VXFZ74TLATWAYADS6OBL5ZFA,1196704610,TravelX-APP,0,TravelX-APP,APP
G2D5RA2PQD2RDY6AMF4UORIRMHMOCIG7WYQ5L5RMKWDIEDDHKEZOBJWP6A,1196710954,TravelX-APP,0,TravelX-APP,APP
ONXU72CLJ4RW37HGXDO22CPH2XC4QHLUN4LF5QSQRL26CHFJQ4G7WIL3BE,1196727051,TravelX-APP,0,TravelX-APP,APP
JVQKVGUMV6IM55XSG2CWNBULQXK2MXHAUL5W7WU3YVPXK5ZI3LSLFNJLZY,1264166694,TravelX-APP,0,TravelX-APP,APP
QDRZQWYTPRBBRN7QG67JL2NTWM4JD4YRGK337QUZ2ITBGVYHCRHTF6X2HY,2289177011,TravelX-APP,0,TravelX-APP,APP
WWLWEBRO2CD5UIV4XNQUB6VLODWFB5QERCF7BS2H73JXSJAAVKPHE3JSY4,,Upbit,1,Upbit,CEX
N2C374IRX7HEX2YEQWJBTRSVRHRUV4ZSF76S54WV4COTHRUNYRCI47R3WU,,Upbit (?),1,Upbit,CEX
HMKN4BCGCDUFWIPOIKDBUTC6RXFKOKOB6TWO25ETRHTKJFTJZPD6Y3BOLQ,,UpHold,1,UpHold,CEX
WTIMETRQZRYWY3ZUIL3QZV5BINGRSX5ZC4CEBFMGULEAQMJ2QYPLJAGLM4,,UpHold,1,UpHold,CEX
KIW56KLIBX5UMWS5RT346TNA4HRV5H445S2LMQLRCR73SOHRVSM5TZBQ4A,919954173,USDC-ALGO Lending Pool Interface Contract,0,Algofi,DeFi
B47N4SJLVQL6CI7RILWPRZHHW4D62FEGBG35K3NW4MUNYBSSXLNKI64OEU,863680537,Viikoin,0,Viikoin,
PHSWQ3HTDJRDANUIQIGWTAWDRYZ4GRLASOCJQPR5Y2RAAJDVJGVRKODJRQ,955137761,VIIKOINNFT,0,VIIKOINNFT,
FC7PNTX4BIYZFQNRY6RKRCRQQEEVUQMCJUEWFE24CFVR65L2PDK4M6YNOY,,Vindax,1,Vindax,CEX
6XHBAFTDDSGTD4AOR67SLCCY7HAQGYBUWCVP2DYPIE7HI7G7IPNOEYM6XE,,Viva Aerobus,0,TravelX,RWA
GRDL2IGOPPNWP6LAHM3IP6IEXBYGDZPXQRFRTPF6VR2KPG2IYCUSMCIREU,1264162043,Viva Aerobus,0,TravelX-APP,RWA
72OPXVKONR3GCYXGM3NBTQEMW4WTFM2RVCDLBQNXJL2U5ZBMM5QK4JKKH4,,wangroyal.algo,0,wangroyal.algo,
JL6MNZADBYWCOPYJ2LG3HRDFWECVGQTDIJNKRCYBW6J6C3IUJ4APUP4NW4,,WhiteBIT,1,WhiteBIT,CEX
QNXJOJ535UBOCHXPPBUFP3YUBINPUL24LNTOI2NBRRTEC6JVYN5TKDYDBE,,WholeChain,0,WholeChain,
JY2FRXQP7Q6SYH7QE2HF2XWNE644V6KUH3PYC4SYWPUSEATTDJSNUHMHR4,,WorldChess,0,WorldChess,
J476J725L4JTOI2YU6DAI4E23LYUECLZR7RCYZ3LK6QFHX4M54ZI53SGXQ,842125965,Wormhole,0,Wormhole,
M7UT7JWIVROIDGMQVJZUBQGBNNIIVOYRPC7JWMGQES4KYJIZHVCRZEGFRQ,842126029,Wormhole,0,Wormhole,
XN4OX5OFLZFLDBI4J36EGOIMKGR4NISEVFCQRXDTC4WT35GPBM5EJI7IOA,,xBacked,0,xBacked,
SDA6DSYRY6P3JIVRA74YD37EXIBMM5FAYCIGXRSWARON6YMWHJSNU3TLDY,,xBacked,0,xBacked,
U3Z7I7QCOC5CCN7HWQLEZURB27YGLENLX5YCJ47NVECBAT7SS57WDHYQKU,1065042555,xBacked,0,xBacked,
IMOKG5EGFBZUR5ESXIYXQ4WZHIYGEABCS6XVY3PSGGWBRUSS22FAUGVMHA,,Xeggex,1,Xeggex,CEX
3KWWDTQLXPKUPL3W4M4VVAE3VITOYIRCDT5Z2RRHNJE5KY3CTYMV6J2LF4,,xGov Payments,0,xGov Payments,
DRWUX3L5EW7NAYCFL3NWGDXX4YC6Y6NR2XVYIC6UNOZUUU2ERQEAJHOH4M,,xGov Term Pool 1,0,xGov Term Pool 1,
PN4J5F5HRMQ7VAHRQWQ3G52T25KAUMPKUDU7B2GWFNLI3ZDU4W4DQITPIA,,xGov Term Pool 2,0,xGov Term Pool 2,
BU3I4ASYTQULW5KWMNCBMF6NQSSC6WM52KRUQEVVH4WQP2VHDKUKHR2W5Q,,xGov Term Pool 3,0,xGov Term Pool 3,
OHYAQI5UJAY77R4TIZZVYPNNKVYEHHI36QUIU3NUKPMIZJAQKDRFC77XMM,,xGov Term Pool 4,0,xGov Term Pool 4,
C2BBUXNOPXGVL7Z6ZOXRGZQU2ICUA7PWKGKPTCLKZMM544ZLIZ2SSBHPOM,,XT,1,XT,CEX
EVYKEQBAWSPE6YQRPQPGSSO2L7U6WIM7CWU45SSWZHMCKF6FUTUGQ2KVWQ,,XT,1,XT,CEX
QSDMOUR7FQTP7F2TL6GXTI2ZTXFNQIHCYLPXXUDILG542WU5N636BKZQUY,,yourplace.algo,0,yourplace.algo,
ZMSU4LGM66MBFPSETBUATGLRAPJHMPKFUYTLWN7GZ7CGRS7GHPG2GC7QRM,,yudhajeet.algo,0,yudhajeet.algo,
K4R3HYQFKZAAHBEXANZG5OZHYXAOL6NXLSY7XA3R42GWLBIQVAGMXND7FY,,Zone 2 - Rewards,0,Zone 2 - Rewards,
C4PZ7RSTYDAAEJE3PIMJW3BRYKNY6OHYZVZO6OLXPZKBMXVWDB4PBECTZI,,Kraken,1,Kraken,CEX
ZFY37HKKZ6QYZ2KOUPKAPCKLGPEDZT4FLLVITWS5VUTNOIDX3WVK2ENVIU,,Kraken,1,Kraken,CEX
7LXGH4WPEXJ3HOPON5BDHJSJ7NWPBAELDOWLINCMMW2GOQWOSSNP76D4ZA,,Kraken,1,Kraken,CEX
YDRTADVLLGLU76ARI4NU5V4XTXPHDJII7A5MY3UL6II77LGE5SPQUKJWI4,,Hoo,1,Hoo,CEX
FF5YJ5EJDDRDX3D54OEE76DIT2CII4KGU5B7K34B22OI5A2JHE7TNH6HI4,,Newton,1,Newton,CEX
VPEYFRK3E36FO7Y6PKKZVSPAK2WCWKLR4MQYHDIHKOTXBFTJVFQNWXI6DE,,Newton,1,Newton,CEX
3Z5XFNGHOV64UYN4OAZDFZ4ZJXUOXMUQNURYHZOQGR6NRE6FKYEIT5L34I,,EXMO,1,EXMO,CEX
UF3IEZZKTPCUHFNXW37AIT7T7Q6KNQC2LFDKL3VVO6OGL4USYAWHPCIZBQ,,EXMO,1,EXMO,CEX
NC72UHZZKTB2GNQMJHDNTRIRNQXLY2N6BE5DPRDM4PFKDNGSSYQSJH7KXU,,EXMO,1,EXMO,CEX
H2UADDAUBO3XUV76LDE4K7TSAGA3NOHLZJ5ANA5CLWEZZW6NVPWIS5WTLY,,Coinstore,1,Coinstore,CEX
WVDI66JKOAAE42S34FXSVR6BYILFVV7T7V72OIPETFBMDPKREP3NUV45LE,,Kraken,1,Kraken,CEX
RKZYB7NOK5FFK74RDSJHGLXFIVO27QOSTGL77LBLIXAEQVGJCPNQQRDD6A,,Kraken,1,Kraken,CEX
VYF4CEEXS76L4GPVMQDZSP2RO5TW2XUDKGYFE5BPQ6VZ35F5MEN4NPPHW4,,Kraken,1,Kraken,CEX
NV62FGOFZPLPVCRU7I6CB6PTWUIOVZLPF27SJ73VA5EGPRDUBZ6543UHWY,,Kraken,1,Kraken,CEX
J35O3RDARSCMVW6GTGI7NBETLGMFOSEH4XH4DRD3SWBYD26Q2NYZX435K4,,Kraken,1,Kraken,CEX
5DU66QONUNEXDF5AZHEPCYKYP6CB3VY5OKJOYEYFBQCQGES2HVY6ZJLZDM,,Kraken,1,Kraken,CEX